,Afghanistan,Albania,Algeria,Andorra,Angola,Antigua and Barbuda,Argentina,Armenia,Australia,Austria,Azerbaijan,Bahamas,Bahrain,Bangladesh,Barbados,Belarus,Belgium,Belize,Benin,Bhutan,Bolivia,Bosnia and Herzegovina,Botswana,Brazil,Brunei,Bulgaria,Burkina Faso,Burundi,Cambodia,Cameroon,Canada,Cape Verde,Central African Republic,Chad,Chile,China,Colombia,Comoros,"Congo, Dem. Rep.","Congo, Rep.",Costa Rica,Cote d'Ivoire,Croatia,Cuba,Cyprus,Czech Republic,Denmark,Djibouti,Dominica,Dominican Republic,Ecuador,Egypt,El Salvador,Equatorial Guinea,Eritrea,Estonia,Eswatini,Ethiopia,Fiji,Finland,France,Gabon,Gambia,Georgia,Germany,Ghana,Greece,Grenada,Guatemala,Guinea,Guinea-Bissau,Guyana,Haiti,Honduras,Hungary,Iceland,India,Indonesia,Iran,Iraq,Ireland,Israel,Italy,Jamaica,Japan,Jordan,Kazakhstan,Kenya,Kiribati,Kuwait,Kyrgyz Republic,Lao,Latvia,Lebanon,Lesotho,Liberia,Libya,Liechtenstein,Lithuania,Luxembourg,Madagascar,Malawi,Malaysia,Maldives,Mali,Malta,Marshall Islands,Mauritania,Mauritius,Mexico,"Micronesia, Fed. Sts.",Moldova,Mongolia,Montenegro,Morocco,Mozambique,Myanmar,Namibia,Nauru,Nepal,Netherlands,New Zealand,Nicaragua,Niger,Nigeria,North Macedonia,Norway,Oman,Pakistan,Palau,Palestine,Panama,Papua New Guinea,Paraguay,Peru,Philippines,Poland,Portugal,Qatar,Romania,Russia,Rwanda,Samoa,Sao Tome and Principe,Saudi Arabia,Senegal,Serbia,Seychelles,Sierra Leone,Singapore,Slovak Republic,Slovenia,Solomon Islands,South Africa,South Korea,South Sudan,Spain,Sri Lanka,St. Kitts and Nevis,St. Lucia,St. Vincent and the Grenadines,Sudan,Suriname,Sweden,Switzerland,Tajikistan,Tanzania,Thailand,Timor-Leste,Togo,Tonga,Trinidad and Tobago,Tunisia,Turkey,Turkmenistan,Tuvalu,Uganda,Ukraine,United Arab Emirates,United Kingdom,United States,Uruguay,Uzbekistan,Vanuatu,Venezuela,Vietnam,Yemen,Zambia,Zimbabwe
1960-01-01,0.046,1.24,0.557,,0.101,0.677,2.38,3.85,8.61,4.36,5.29,3.75,3.54,0.0461,0.746,5.57,9.92,0.478,0.0664,,0.275,1.63,,0.65,4.08,2.83,0.00911,0.013,0.041,0.0524,10.8,0.109,0.0586,0.0183,1.66,1.18,1.02,0.0576,0.152,0.22,0.369,0.132,1.36,1.92,1.55,10.3,6.5,0.482,0.183,0.316,0.388,0.602,0.224,0.0862,,8.61,0.098,0.0159,0.494,3.4,5.95,0.264,0.0502,2.76,11.1,0.221,1.14,0.245,0.32,0.118,0.0298,1.15,0.0739,0.302,4.54,6.91,0.268,0.244,1.71,1.13,4.0,3.14,2.2,0.902,2.48,0.797,9.39,0.299,,29.0,3.96,0.038,3.15,1.43,,0.14800000000000002,0.478,,4.5,36.6,0.0784,0.12,0.516,,0.023,1.09,,0.0431,0.272,1.67,,3.68,1.35,1.06,0.295,0.262,0.125,,,0.00798,6.42,4.86,0.3,0.00866,0.0755,2.59,3.66,,0.265,,,0.88,0.0796,0.16,0.805,0.317,6.74,0.929,3.71,2.87,7.41,0.0238,0.135,0.171,0.655,0.258,2.03,,0.309,0.853,7.66,2.74,0.0934,5.73,0.495,0.0399,1.61,0.229,,0.16399999999999998,0.136,0.165,1.5,6.58,3.69,1.95,0.0824,0.136,,0.0418,0.179,3.04,0.413,0.612,10.1,,0.0623,6.31,0.119,11.2,15.5,1.7,5.13,,7.01,0.229,0.684,1.42,1.57
1961-01-01,0.0536,1.35,0.535,,0.0821,0.867,2.46,3.83,8.67,4.48,5.27,4.75,10.5,0.0464,0.8390000000000001,5.69,10.1,0.387,0.052000000000000005,,0.279,1.67,,0.662,3.56,3.26,0.0187,0.0168,0.0487,0.0534,10.6,0.107,0.0577,0.0168,1.74,0.8220000000000001,1.1,0.0567,0.151,0.257,0.35600000000000004,0.152,1.42,1.67,1.5,11.2,6.88,0.4970000000000001,0.18,0.302,0.35200000000000004,0.624,0.205,0.085,,8.79,0.0107,0.015,0.414,3.34,6.09,0.326,0.0591,2.79,11.3,0.197,1.18,0.201,0.325,0.173,0.0471,1.25,0.0753,0.35100000000000003,4.88,6.1,0.284,0.289,1.63,1.17,4.43,3.29,2.49,1.29,2.99,1.0,9.3,0.287,0.174,33.2,3.95,0.0524,3.2,1.44,,0.141,0.7979999999999999,,4.58,36.5,0.0681,0.0997,0.557,,0.0221,0.933,,0.0544,0.275,1.68,,3.71,1.42,1.09,0.297,0.358,0.117,,,0.007859999999999999,6.54,4.85,0.307,0.0158,0.0893,2.68,3.7,,0.268,,,0.945,0.0878,0.18600000000000005,0.8270000000000001,0.321,6.91,1.02,3.14,2.97,7.55,0.0305,0.16399999999999998,0.17,0.847,0.247,2.11,,0.123,1.24,8.2,2.86,0.121,5.83,0.5539999999999999,0.0399,1.75,0.231,,0.202,0.134,0.16399999999999998,1.45,6.49,3.79,1.94,0.068,0.147,,0.0574,0.173,5.32,0.417,0.617,10.1,,0.0582,6.43,0.109,11.2,15.2,1.6,5.12,,6.15,0.237,0.494,1.17,1.3
1962-01-01,0.0737,1.42,0.488,,0.21,1.84,2.54,3.89,8.92,4.74,5.35,6.0,9.19,0.0496,1.12,5.92,10.6,0.715,0.0542,,0.289,1.68,,0.7020000000000001,4.14,3.83,0.017,0.0151,0.0511,0.0537,11.1,0.0871,0.0473,0.027000000000000003,1.97,0.645,1.14,0.0558,0.136,0.223,0.384,0.156,1.45,1.9,1.57,11.8,7.94,0.506,0.177,0.353,0.325,0.6609999999999999,0.221,0.0839,,9.12,,0.017,0.5479999999999999,3.74,6.38,0.172,0.0676,2.88,11.9,0.203,1.22,0.278,0.31,0.183,0.0641,1.12,0.0757,0.325,5.02,6.56,0.306,0.249,1.62,1.18,4.7,3.55,2.9,1.26,3.07,1.04,9.39,0.303,0.254,42.4,4.01,0.0594,3.32,1.48,,0.217,0.6759999999999999,,4.75,36.0,0.07400000000000001,0.094,0.55,,0.0259,1.04,,0.0691,0.362,1.59,,3.81,1.95,1.09,0.235,0.265,0.127,,,0.008440000000000001,7.08,4.52,0.35,0.0184,0.0888,2.71,3.87,,0.28800000000000003,,,0.991,0.0846,0.196,0.927,0.368,7.13,1.05,3.39,3.37,7.83,0.0276,0.158,0.171,1.43,0.24,2.15,,0.13699999999999998,1.48,8.63,2.92,0.117,5.89,0.644,0.0419,1.93,0.248,,0.2,0.132,0.17,1.63,6.77,4.4,1.97,0.07200000000000001,0.173,,0.0546,0.166,8.23,0.417,0.75,10.3,,0.0594,6.66,0.16399999999999998,11.2,15.5,1.54,5.21,0.595,6.19,0.269,0.71,1.1,1.21
1963-01-01,0.0741,1.16,0.455,,0.203,1.49,2.33,4.04,9.31,5.13,5.55,5.56,6.71,0.0555,0.816,6.3,11.3,0.622,0.0476,,0.313,1.84,,0.706,3.8,4.25,0.0175,0.0161,0.0629,0.0545,11.1,0.0677,0.0464,0.0288,2.01,0.628,1.21,0.0549,0.139,0.214,0.405,0.159,1.6,1.71,1.71,12.4,8.69,0.6559999999999999,0.233,0.343,0.363,0.746,0.373,0.0965,,9.66,,0.0177,0.555,4.28,7.03,0.142,0.0757,3.04,12.6,0.236,1.46,0.157,0.331,0.19,0.0751,0.99,0.0608,0.321,5.57,7.01,0.322,0.24,1.75,1.19,4.8,3.53,3.24,1.41,3.37,1.16,9.71,0.32,0.413,45.0,4.15,0.0645,3.51,1.52,,0.298,0.91,,5.02,35.3,0.0842,0.0882,0.65,,0.0323,1.29,,0.0948,0.29100000000000004,1.6,,4.0,1.54,1.19,0.294,0.21600000000000005,0.114,,,0.00934,7.65,4.83,0.433,0.0238,0.111,2.98,4.08,,0.32299999999999995,,,0.956,0.108,0.199,0.925,0.396,7.52,1.13,99.5,3.65,8.3,0.0272,0.184,0.114,1.54,0.247,2.37,0.165,0.153,1.9,8.97,3.23,0.114,5.96,0.767,0.0465,1.87,0.239,,0.236,0.174,0.187,1.7,7.25,5.19,2.04,0.0732,0.18600000000000005,,0.0652,0.159,1.47,0.444,0.767,10.7,,0.058,7.05,0.17600000000000002,11.3,16.0,1.64,5.41,0.472,6.21,0.255,0.525,1.03,1.13
1964-01-01,0.0861,1.09,0.462,,0.213,1.59,2.55,4.16,9.85,5.36,5.72,8.12,8.74,0.0554,0.7659999999999999,6.64,11.0,0.818,0.0553,,0.374,2.05,,0.7,3.49,5.25,0.0216,0.0158,0.0539,0.0598,12.3,0.131,0.0456,0.0305,1.99,0.616,1.19,0.054000000000000006,0.117,0.238,0.438,0.187,1.8,1.83,1.73,12.8,9.14,0.784,0.229,0.465,0.421,0.861,0.396,0.0949,,10.2,0.0301,0.0167,0.944,5.02,7.18,0.363,0.0741,3.18,12.8,0.219,1.57,0.234,0.374,0.187,0.0914,1.02,0.0719,0.317,6.16,6.91,0.308,0.229,1.96,1.12,5.06,3.79,3.43,2.35,3.69,1.13,10.0,0.306,0.404,59.8,4.26,0.0741,3.69,1.6,,0.397,0.398,,5.27,37.6,0.086,0.0818,0.8,,0.032,1.55,,0.123,0.419,1.74,,4.17,1.9,1.33,0.319,0.272,0.121,,5.25,0.0139,8.01,5.08,0.473,0.0251,0.14800000000000002,3.33,4.38,0.0181,0.32299999999999995,,,0.974,0.11,0.204,1.08,0.428,7.83,1.24,92.9,3.75,8.74,0.0116,0.208,0.171,1.51,0.258,2.67,0.161,0.123,2.02,9.24,3.64,0.138,6.33,0.787,0.0505,2.02,0.21,,0.232,0.215,0.2,1.89,7.86,4.93,2.09,0.0916,0.242,,0.0794,0.153,4.2,0.618,0.87,11.0,,0.0636,7.41,0.133,11.3,16.5,1.71,5.57,0.8640000000000001,6.04,0.321,0.644,0.946,1.03
1965-01-01,0.101,1.15,0.525,,0.206,2.56,2.66,4.28,10.7,5.23,5.89,9.4,6.55,0.0564,0.872,6.98,11.2,0.795,0.0571,,0.374,2.07,,0.6759999999999999,3.26,5.63,0.0198,0.0118,0.0623,0.054000000000000006,12.8,0.111,0.0537,0.0321,1.98,0.6559999999999999,1.22,0.0707,0.142,0.213,0.532,0.278,1.84,1.84,1.98,12.5,9.31,1.05,0.226,0.399,0.434,0.908,0.325,0.106,,10.6,0.21600000000000005,0.0258,0.743,5.54,7.23,0.406,0.0724,3.31,12.6,0.22,2.01,0.233,0.406,0.183,0.102,1.65,0.0714,0.32,6.03,7.26,0.333,0.246,2.15,2.31,4.86,5.2,3.67,1.7,3.93,1.21,10.3,0.259,0.237,75.0,4.38,0.0754,3.87,1.58,,0.448,0.586,,5.52,37.0,0.0966,0.0842,0.88,,0.0356,1.47,,0.16399999999999998,0.404,1.7,,4.35,1.77,1.35,0.299,0.249,0.112,,5.63,0.0164,8.2,5.21,0.378,0.0234,0.235,3.37,4.4,0.0411,0.331,,,1.16,0.122,0.253,1.02,0.452,7.88,1.31,85.5,4.06,9.19,0.0147,0.231,0.17,0.871,0.46,2.72,0.157,0.113,1.35,8.92,3.73,0.188,6.62,0.865,0.0646,2.21,0.239,,0.267,0.171,0.254,2.42,8.08,5.22,2.14,0.0999,0.234,,0.0773,0.14800000000000002,5.7,0.541,0.884,11.3,,0.0785,7.78,0.147,11.5,17.0,2.05,5.7,0.642,6.27,0.348,0.6859999999999999,1.1,1.17
1966-01-01,0.107,1.31,0.653,,0.269,5.81,2.81,4.39,10.4,5.34,6.06,7.47,3.38,0.0556,1.13,7.3,11.1,0.738,0.0424,,0.41,2.02,,0.75,4.58,5.89,0.0195,0.015,0.0712,0.0583,13.0,0.0922,0.0504,0.025,2.05,0.703,1.22,0.0867,0.135,0.26,0.604,0.28300000000000003,1.82,1.87,2.12,12.4,10.4,1.13,0.221,0.418,0.448,0.85,0.396,0.0905,,11.1,0.525,0.0322,0.677,6.44,7.07,0.7020000000000001,0.0794,3.44,12.4,0.181,2.2,0.309,0.34700000000000003,0.18600000000000005,0.1,1.78,0.0701,0.334,6.05,7.67,0.337,0.227,2.5,3.2,5.33,5.31,4.11,1.98,4.21,1.25,10.6,0.272,0.232,67.2,4.48,0.0962,4.05,1.7,,0.481,1.46,,5.76,35.0,0.0979,0.101,1.01,,0.0338,1.28,,0.177,0.35700000000000004,1.78,,4.52,1.71,1.34,0.374,0.258,0.113,,5.44,0.0171,8.36,5.25,0.45,0.0337,0.252,3.29,5.21,0.0457,0.328,,,1.22,0.134,0.23,1.1,0.506,7.98,1.34,78.6,4.3,9.64,0.0132,0.196,0.166,1.28,0.454,2.68,0.153,0.118,0.35100000000000003,8.8,3.68,0.182,6.45,1.01,0.0689,2.39,0.234,,0.3,0.211,0.268,3.24,9.29,5.34,2.19,0.114,0.289,,0.101,0.14300000000000002,4.41,0.621,0.994,11.6,,0.0887,8.14,0.16,11.3,17.6,1.98,5.81,1.01,5.69,0.493,0.596,0.951,1.31
1967-01-01,0.123,1.34,0.636,,0.172,9.22,2.87,4.47,10.9,5.4,6.18,11.2,5.12,0.0571,1.43,7.56,11.3,1.07,0.0523,,0.45,2.02,,0.7509999999999999,3.91,6.61,0.0192,0.0146,0.0625,0.0757,13.9,0.0741,0.0537,0.0342,2.07,0.5670000000000001,1.25,0.0849,0.125,0.265,0.516,0.299,1.83,1.91,2.31,12.4,10.2,0.67,0.325,0.38,0.466,0.613,0.342,0.08800000000000001,,11.5,0.5760000000000001,0.0409,0.7290000000000001,6.24,7.51,1.83,0.0774,3.54,12.1,0.184,2.29,0.386,0.384,0.184,0.0712,1.96,0.0588,0.35200000000000004,5.74,7.32,0.331,0.232,2.58,2.06,5.76,5.17,4.47,2.14,4.86,1.03,10.9,0.265,0.455,44.1,4.54,0.128,4.19,1.64,,0.47,9.85,,5.96,34.0,0.139,0.0843,1.01,,0.0392,1.61,,0.189,0.635,1.92,,4.66,1.81,1.36,0.362,0.222,0.142,,7.66,0.0187,8.5,5.05,0.4920000000000001,0.0318,0.245,3.27,5.1,0.206,0.339,,,1.22,0.168,0.213,1.1,0.555,8.13,1.42,77.5,4.65,10.0,0.0118,0.191,0.162,4.91,0.179,2.69,0.15,0.0974,1.56,8.72,3.7,0.227,6.56,1.16,0.0813,2.63,0.253,,0.332,0.209,0.313,3.84,8.76,5.45,2.21,0.142,0.36,,0.107,0.18600000000000005,5.01,0.6509999999999999,1.03,11.8,,0.0947,8.44,5.4,10.8,18.1,1.78,5.86,1.07,6.35,0.573,0.517,1.26,1.11
1968-01-01,0.115,1.5,0.6629999999999999,,0.289,15.8,2.98,4.48,11.0,5.69,6.2,10.3,5.5,0.0635,1.85,7.7,12.4,0.885,0.0552,,0.507,2.13,,0.856,3.64,7.08,0.0189,0.0165,0.0724,0.0816,14.7,0.114,0.105,0.0356,2.24,0.597,1.3,0.0831,0.17800000000000002,0.36,0.593,0.339,1.95,1.91,2.71,12.9,11.0,0.862,0.319,0.5529999999999999,0.544,0.696,0.362,0.098,,11.7,0.6859999999999999,0.0641,0.7929999999999999,7.25,7.7,3.47,0.0836,3.58,12.7,0.212,2.6,0.425,0.403,0.18600000000000005,0.0916,1.94,0.0585,0.478,5.94,7.99,0.35200000000000004,0.254,3.05,2.13,6.23,5.16,4.72,2.13,5.51,1.0,11.0,0.267,0.669,35.5,4.53,0.066,4.27,1.67,,0.662,15.4,,6.07,36.5,0.146,0.087,1.02,,0.0343,1.98,,0.217,0.7979999999999999,1.94,,4.73,2.06,1.47,0.3670000000000001,0.32299999999999995,0.113,,7.52,0.0218,8.94,4.93,0.544,0.0378,0.124,3.44,5.54,0.237,0.379,,,1.41,0.189,0.251,1.14,0.6579999999999999,8.59,1.5,76.0,4.99,10.2,0.0156,0.213,0.209,5.4,0.0,2.86,0.147,0.13699999999999998,2.71,9.07,3.94,0.245,6.59,1.21,0.0775,2.93,0.271,,0.363,0.248,0.295,4.07,9.78,5.96,2.2,0.13,0.491,,0.0999,0.181,4.34,0.742,1.09,11.8,,0.111,8.61,6.81,11.0,18.6,1.76,5.81,0.773,6.13,0.573,1.94,1.17,1.29
1969-01-01,0.0865,1.55,0.802,,0.48,19.8,3.29,4.55,11.4,5.97,6.32,10.6,6.18,0.0599,2.02,7.95,12.9,1.14,0.0707,,0.581,2.19,,0.908,3.95,7.85,0.0219,0.0215,0.196,0.09,14.6,0.139,0.105,0.0452,2.34,0.715,1.34,0.0814,0.188,0.39,0.638,0.386,2.01,2.02,2.76,13.7,12.1,0.563,0.261,0.607,0.609,0.584,0.333,0.145,,12.1,0.727,0.0603,0.8490000000000001,8.24,8.22,2.48,0.106,3.68,13.5,0.198,2.96,0.503,0.417,0.183,0.0847,1.97,0.0686,0.446,6.04,6.26,0.35100000000000003,0.299,2.99,2.36,6.43,5.41,5.08,2.31,6.32,1.09,11.2,0.287,0.219,38.9,4.59,0.122,4.41,1.93,,0.931,17.4,,6.25,39.1,0.133,0.0832,0.867,,0.0275,2.03,,0.247,0.7040000000000001,2.05,,4.85,2.16,1.54,0.3720000000000001,0.368,0.121,,10.2,0.0338,9.02,5.14,0.551,0.0435,0.221,3.51,5.78,0.335,0.35700000000000004,,,1.39,0.205,0.21600000000000005,1.17,0.657,9.06,1.69,71.1,5.5,10.6,0.0161,0.209,0.202,6.3,0.119,2.94,0.14300000000000002,0.403,3.54,9.57,4.06,0.237,6.66,1.35,0.102,2.89,0.354,,0.608,0.328,0.385,4.19,10.8,6.25,2.22,0.13699999999999998,0.406,,0.119,0.133,4.17,0.778,1.14,11.9,,0.129,8.9,101.0,11.4,19.4,2.0,5.85,0.531,6.24,0.64,0.767,1.06,1.32
1970-01-01,0.15,1.74,1.04,,0.608,7.2,3.46,4.67,11.5,6.74,6.51,15.2,12.2,0.0593,1.8,8.29,13.0,0.99,0.0969,0.0123,0.5539999999999999,2.83,,0.984,63.4,7.2,0.0254,0.0179,0.168,0.0979,16.0,0.136,0.115,0.0342,2.52,0.931,1.32,0.128,0.136,0.431,0.6759999999999999,0.44,2.62,2.14,2.78,15.7,12.6,0.873,0.361,0.691,0.705,0.628,0.389,0.121,,12.6,0.85,0.0582,1.0,8.76,8.67,3.53,0.103,3.82,13.1,0.3,2.79,0.466,0.409,0.191,0.0988,2.24,0.0823,0.511,6.75,6.8,0.35100000000000003,0.312,3.22,2.41,6.67,5.89,5.54,2.66,7.32,0.905,11.6,0.273,0.43,33.6,4.71,0.213,4.6,1.72,,1.04,15.2,,6.51,40.5,0.14800000000000002,0.0966,1.35,,0.0339,2.07,,0.374,0.603,2.21,,5.04,2.23,2.01,0.455,0.331,0.16899999999999998,,10.1,0.0188,10.9,5.04,0.583,0.0479,0.385,4.53,7.22,0.324,0.353,,,1.45,0.249,0.301,1.32,0.6920000000000001,9.33,1.76,69.1,5.84,11.1,0.0156,0.205,0.197,7.76,0.307,3.81,0.56,0.313,8.79,10.9,5.28,0.252,6.78,1.67,0.116,3.45,0.28800000000000003,,0.635,0.324,0.433,4.38,11.5,6.55,2.26,0.131,0.417,,0.13,0.304,9.52,0.7390000000000001,1.22,12.2,,0.154,9.29,65.0,11.8,20.7,2.04,5.95,0.472,6.54,0.65,0.406,0.902,1.54
1971-01-01,0.165,1.98,1.26,,0.564,6.61,3.67,4.84,11.7,6.9,6.77,38.7,13.8,0.0551,2.02,8.73,12.6,1.15,0.0986,0.012,0.6679999999999999,3.01,,1.05,55.4,7.51,0.0263,0.0208,0.0349,0.121,16.2,0.135,0.0996,0.0403,2.72,1.03,1.38,0.125,0.14400000000000002,0.502,0.8059999999999999,0.461,2.81,2.21,3.04,16.5,11.5,0.953,0.359,0.7609999999999999,0.6759999999999999,0.652,0.401,0.221,,13.2,0.9,0.0633,1.03,8.76,9.06,4.74,0.115,4.02,13.2,0.256,3.19,0.506,0.422,0.193,0.102,2.1,0.0847,0.475,6.66,7.11,0.362,0.331,3.47,2.81,7.64,5.6,5.78,3.02,7.49,0.915,12.2,0.314,0.564,34.0,4.88,0.153,4.84,2.25,,1.06,9.71,,6.85,38.6,0.152,0.104,1.51,0.0307,0.0376,2.06,,0.338,0.472,2.38,,5.27,2.3,2.16,0.501,0.391,0.183,,13.2,0.0161,10.7,5.25,0.607,0.0498,0.563,4.83,6.96,2.8,0.326,,,1.66,0.29,0.25,1.34,0.748,9.52,1.88,76.6,6.05,11.7,0.0161,0.252,0.14400000000000002,9.8,0.308,4.07,0.614,0.287,7.86,11.3,5.64,0.287,7.44,1.78,0.116,3.75,0.251,,0.662,0.321,0.43,4.65,10.4,6.76,2.33,0.17600000000000002,0.507,,0.14400000000000002,0.214,8.48,0.8140000000000001,1.33,12.6,,0.149,9.79,76.3,11.9,20.6,2.06,6.13,0.667,5.33,0.551,0.314,0.877,1.6
1972-01-01,0.13,2.5,1.85,,0.721,5.83,3.66,4.97,11.9,7.4,7.0,36.5,16.1,0.0527,2.08,9.12,13.5,1.24,0.128,0.0116,0.763,2.79,0.033,1.14,66.6,7.68,0.0277,0.0205,0.016,0.125,17.3,0.189,0.0903,0.0317,2.79,1.07,1.4,0.123,0.14300000000000002,0.472,0.907,0.487,2.63,2.3,3.83,16.5,12.0,1.06,0.358,0.983,0.7140000000000001,0.706,0.434,0.304,,13.8,0.8340000000000001,0.0467,1.07,9.49,9.35,4.48,0.134,4.2,13.2,0.262,3.59,0.507,0.456,0.194,0.0901,2.16,0.081,0.5329999999999999,6.66,7.07,0.374,0.358,3.53,2.79,7.38,5.64,6.05,3.25,7.9,1.02,12.6,0.319,0.486,32.4,5.03,0.172,5.05,2.34,,1.02,6.54,,7.15,39.1,0.185,0.11,1.58,0.0297,0.04,2.62,,0.3670000000000001,0.809,2.42,,5.47,2.42,2.0,0.482,0.349,0.171,,11.3,0.0213,11.9,5.53,0.628,0.053,0.706,4.49,7.48,2.69,0.308,,,1.74,0.435,0.275,1.28,0.6970000000000001,9.95,2.08,82.6,6.3,12.3,0.0165,0.249,0.141,11.0,0.322,3.78,0.7979999999999999,0.238,10.3,11.3,5.24,0.319,7.37,1.8,0.122,4.18,0.272,,0.7240000000000001,0.396,0.449,4.74,10.4,6.87,2.38,0.15,0.5589999999999999,,0.18,0.255,8.51,0.895,1.47,12.9,,0.139,10.2,70.9,11.6,21.4,2.15,6.28,0.687,5.17,0.506,0.234,0.91,1.45
1973-01-01,0.135,2.29,2.44,,0.7509999999999999,5.19,3.75,5.07,12.7,7.9,7.17,43.4,23.1,0.0673,1.98,9.43,14.3,1.13,0.122,0.0112,0.722,3.29,0.0744,1.29,67.2,7.94,0.0284,0.0203,0.0172,0.127,17.0,0.23,0.0852,0.0413,2.69,1.09,1.46,0.12,0.147,0.843,1.03,0.493,3.13,2.44,3.95,16.5,11.8,0.943,0.358,1.22,0.795,0.645,0.496,0.106,,14.3,0.787,0.0565,1.14,10.6,9.96,8.53,0.123,4.35,13.8,0.261,4.2,0.5870000000000001,0.481,0.184,0.147,2.47,0.0857,0.509,6.99,8.23,0.376,0.396,4.19,2.8,7.54,6.22,6.47,4.22,8.35,1.13,12.9,0.311,0.685,26.8,5.14,0.177,5.23,2.85,,0.978,6.0,,7.39,40.8,0.15,0.112,1.51,0.0287,0.0428,2.51,,0.374,0.784,2.56,,5.63,2.49,2.35,0.565,0.368,0.141,,12.2,0.0328,12.3,6.09,0.693,0.0673,0.825,5.32,7.7,2.62,0.317,,,1.96,0.45,0.326,1.35,0.8079999999999999,10.1,2.24,87.7,6.82,12.7,0.017,0.246,0.185,14.2,0.333,4.48,0.8420000000000001,0.185,9.69,11.3,6.2,0.368,7.26,2.14,0.121,4.42,0.278,,0.752,0.431,0.438,5.78,10.7,7.35,2.41,0.214,0.609,,0.179,0.295,9.57,0.892,1.58,13.0,,0.116,10.6,77.6,11.8,22.2,2.05,6.37,0.5870000000000001,5.34,0.5379999999999999,0.42,0.993,1.58
1974-01-01,0.154,1.84,1.98,,0.72,6.8,3.75,5.15,12.7,7.52,7.31,39.9,21.5,0.0677,2.01,9.73,13.9,1.17,0.128,0.0109,0.7190000000000001,3.27,0.123,1.37,52.8,8.18,0.034,0.0251,0.00971,0.134,17.1,0.244,0.0591,0.0376,2.48,1.09,1.55,0.117,0.151,1.09,0.933,0.53,3.13,2.46,3.01,16.6,10.9,0.947,0.408,1.28,0.895,0.6920000000000001,0.486,0.193,,14.7,0.643,0.0545,1.19,9.93,9.56,8.59,0.119,4.5,13.5,0.301,4.05,0.394,0.489,0.19,0.136,2.11,0.0944,0.509,7.06,8.07,0.38,0.402,4.53,2.73,7.56,6.06,6.52,3.8,8.24,1.11,13.2,0.378,0.607,20.1,5.23,0.0981,5.4,2.8,,1.11,3.68,,7.61,41.1,0.162,0.105,1.61,0.0278,0.0478,2.32,,0.375,0.789,2.67,,5.78,2.6,2.32,0.639,0.318,0.156,,14.0,0.0324,11.8,6.17,0.7170000000000001,0.0575,1.01,5.29,6.96,2.77,0.33,,,1.78,0.518,0.349,1.42,0.76,10.3,2.29,68.3,7.03,13.1,0.0173,0.22,0.226,14.0,0.386,4.45,0.947,0.175,9.87,11.3,6.17,0.354,7.2,2.18,0.123,4.87,0.217,,0.677,0.349,0.444,4.43,9.77,6.56,2.44,0.15,0.5870000000000001,,0.166,0.251,10.1,0.976,1.59,13.2,,0.114,10.9,67.0,11.0,21.2,2.01,6.44,0.644,5.86,0.4,0.339,0.879,1.49
1975-01-01,0.168,1.91,1.93,,0.628,11.3,3.67,5.3,12.8,7.1,7.56,43.7,21.6,0.0694,2.31,10.2,12.5,1.32,0.136,0.0105,0.8109999999999999,3.37,0.252,1.4,43.8,8.35,0.0357,0.0208,0.00972,0.156,17.2,0.285,0.0524,0.0448,2.17,1.23,1.49,0.128,0.141,0.716,0.973,0.622,3.25,2.86,3.07,17.3,11.0,0.883,0.407,1.23,1.05,0.8059999999999999,0.507,0.244,,15.3,0.675,0.0371,1.08,9.76,8.5,8.29,0.183,4.7,12.7,0.275,4.29,0.515,0.547,0.188,0.14800000000000002,2.45,0.0949,0.529,7.16,7.4,0.403,0.413,4.26,2.84,7.03,5.93,6.18,4.04,7.73,1.21,13.7,0.366,0.599,16.5,5.4,0.0829,5.64,2.43,,0.928,4.38,,7.94,33.6,0.224,0.108,1.6,0.0538,0.0526,2.07,,0.383,0.662,2.76,,6.01,2.74,2.39,0.624,0.284,0.15,,14.3,0.0262,11.2,5.93,0.687,0.0644,0.748,5.47,7.65,8.23,0.34700000000000003,,,2.1,0.488,0.3,1.42,0.787,11.0,2.32,66.7,7.48,13.7,0.0403,0.388,0.221,11.2,0.523,4.6,0.985,0.173,10.9,11.7,6.37,0.303,7.35,2.31,0.0896,5.05,0.21,,0.7020000000000001,0.345,0.32,5.62,9.86,6.17,2.49,0.14400000000000002,0.5760000000000001,,0.129,0.374,9.52,0.98,1.67,13.5,,0.105,11.4,56.7,10.8,20.1,2.11,6.6,0.551,4.84,0.447,0.32,0.825,1.32
1976-01-01,0.153,2.01,2.29,,0.451,6.47,3.8,5.4,12.5,7.62,7.73,33.5,23.2,0.0776,2.15,10.5,13.3,1.3,0.0778,0.0102,0.895,3.44,0.772,1.41,35.8,8.32,0.0333,0.0233,0.00984,0.142,17.1,0.27,0.0643,0.0439,2.24,1.26,1.54,0.152,0.145,0.7809999999999999,0.97,0.59,3.34,2.85,3.79,17.8,11.8,0.797,0.404,1.2,1.13,0.875,0.52,0.251,,15.8,0.647,0.0355,0.823,10.8,9.57,8.63,0.177,4.86,13.9,0.238,4.68,0.521,0.501,0.195,0.124,2.32,0.13,0.546,7.56,7.73,0.412,0.462,4.64,4.04,6.99,5.76,6.59,3.54,7.99,1.39,14.1,0.326,0.59,17.0,5.5,0.0722,5.83,2.28,,0.897,6.5,,8.19,33.3,0.128,0.105,1.92,0.0783,0.0516,2.36,,0.377,0.6829999999999999,3.0,,6.18,2.89,2.44,0.634,0.245,0.156,,14.1,0.0206,12.3,6.2,0.768,0.0625,0.847,5.57,8.3,8.98,0.331,,,2.02,0.489,0.36,1.42,0.8270000000000001,11.6,2.4,59.8,7.98,14.2,0.0594,0.313,0.343,13.0,0.35,4.7,1.32,0.145,13.1,12.0,6.51,0.311,7.47,2.6,0.0774,5.46,0.2,,0.759,0.341,0.274,5.58,10.7,6.39,2.51,0.17,0.6629999999999999,,0.131,0.329,15.5,1.01,1.83,13.6,,0.0896,11.8,62.2,10.7,20.9,2.07,6.66,0.4270000000000001,4.22,0.28,0.368,0.787,1.67
1977-01-01,0.181,2.27,2.38,,0.469,7.49,3.78,5.48,13.3,7.34,7.86,49.3,24.6,0.0788,2.37,10.7,12.9,1.45,0.0865,0.0198,0.857,3.32,0.976,1.44,36.6,8.62,0.039,0.0257,0.0101,0.198,17.3,0.295,0.0629,0.0465,2.11,1.36,1.56,0.146,0.14300000000000002,0.295,1.18,0.5770000000000001,3.24,3.04,4.06,18.2,12.1,0.7140000000000001,0.35,1.04,1.01,0.938,0.526,0.257,,16.2,0.6409999999999999,0.0312,1.28,10.6,9.06,9.33,0.197,5.0,13.4,0.28800000000000003,5.05,0.528,0.563,0.195,0.133,2.49,0.133,0.596,7.82,8.56,0.426,0.601,4.71,3.5,7.27,5.7,6.36,3.58,8.13,1.45,14.4,0.344,0.388,14.9,5.58,0.0737,6.0,2.07,,0.87,7.0,,8.4,30.6,0.106,0.111,1.77,0.101,0.0617,2.47,,0.395,0.696,3.06,,6.33,3.18,2.35,0.682,0.252,0.161,,15.4,0.024,11.8,6.51,0.95,0.0667,0.752,5.34,8.26,8.7,0.343,,,1.88,0.479,0.393,1.43,0.841,12.1,2.4,54.4,8.07,14.6,0.0575,0.527,0.333,14.4,0.4320000000000001,4.52,1.35,0.162,12.2,12.3,6.26,0.388,7.55,2.9,0.0765,5.32,0.204,,0.618,0.338,0.268,5.31,10.4,6.5,2.53,0.119,0.723,,0.183,0.325,15.6,1.14,1.97,13.7,,0.0708,12.1,52.7,10.8,21.2,1.98,6.7,0.483,4.56,0.3,0.415,0.7070000000000001,1.38
1978-01-01,0.162,2.52,3.45,,0.6940000000000001,7.92,3.79,5.57,14.2,7.51,8.0,32.8,24.0,0.0794,2.52,11.0,13.8,1.56,0.103,0.0287,0.94,3.67,1.0,1.53,52.7,9.2,0.0533,0.026,0.0073599999999999985,0.246,17.4,0.7559999999999999,0.0703,0.0448,2.06,1.5,1.62,0.102,0.141,0.192,1.29,0.6559999999999999,3.6,3.15,4.23,18.3,12.0,0.655,0.34600000000000003,0.981,1.37,0.952,0.5379999999999999,0.29100000000000004,,16.7,0.8,0.0403,1.16,10.9,9.49,10.9,0.234,5.14,13.7,0.279,5.08,0.5760000000000001,0.594,0.192,0.133,2.67,0.139,0.591,8.24,8.57,0.422,0.669,4.51,3.28,7.16,5.93,6.64,4.33,7.79,1.62,14.7,0.349,0.382,17.1,5.67,0.0729,6.19,2.12,,0.8640000000000001,7.11,,8.64,32.9,0.124,0.113,1.77,0.14800000000000002,0.0579,2.86,,0.401,0.6729999999999999,3.45,,6.49,3.6,2.61,0.685,0.26,0.157,,15.1,0.023,12.2,5.77,0.8540000000000001,0.0738,0.6970000000000001,5.89,8.07,7.55,0.35600000000000004,,,1.51,0.495,0.483,1.34,0.8340000000000001,12.4,2.37,54.8,8.69,15.0,0.0602,0.691,0.363,13.3,0.494,5.01,1.21,0.22,14.2,12.3,6.92,0.29,7.45,3.07,0.0674,5.39,0.237,,0.865,0.3720000000000001,0.233,6.68,9.61,6.7,2.54,0.126,0.77,,0.138,0.401,14.5,1.23,1.83,13.8,,0.0597,12.5,53.6,10.8,21.7,1.99,6.74,0.536,4.78,0.29600000000000004,0.419,0.635,1.34
1979-01-01,0.16699999999999998,2.89,2.44,,0.682,6.57,4.03,5.52,14.2,8.06,7.94,33.6,23.7,0.0854,2.39,11.1,14.2,1.48,0.101,0.0557,0.867,3.96,1.09,1.59,39.7,8.92,0.061,0.0272,0.00433,0.217,18.3,0.8909999999999999,0.048,0.0456,2.2,1.51,1.68,0.07400000000000001,0.146,0.202,1.2,0.706,3.9,3.23,4.48,17.7,12.3,1.08,0.44,1.2,1.56,1.02,0.527,0.258,,16.7,0.787,0.0535,1.35,11.4,9.89,9.53,0.238,5.15,14.3,0.245,5.34,0.5379999999999999,0.659,0.198,0.142,1.96,0.136,0.54,8.02,8.77,0.433,0.6609999999999999,4.4,3.99,8.21,5.76,6.86,4.0,8.16,1.64,14.7,0.318,0.439,13.6,5.6,0.0697,6.21,2.23,,1.08,8.38,,8.65,33.6,0.134,0.105,2.03,0.191,0.0616,2.75,,0.404,0.693,3.64,,6.49,3.82,2.81,0.8170000000000001,0.232,0.152,,14.9,0.0349,13.3,5.27,0.539,0.0824,0.984,6.32,8.54,7.07,0.373,,,1.65,0.517,0.429,1.3,0.826,12.5,2.57,70.0,8.72,15.0,0.0597,0.616,0.353,15.1,0.531,5.39,1.86,0.205,15.2,11.8,7.45,0.494,7.87,3.55,0.0681,5.43,0.258,,1.29,0.294,0.233,6.39,10.2,6.35,2.49,0.115,0.789,,0.523,0.4370000000000001,15.6,1.41,1.75,13.6,,0.0558,12.5,39.3,11.5,21.5,2.16,6.61,0.5539999999999999,5.18,0.306,0.42,0.636,1.32
1980-01-01,0.132,1.93,3.46,,0.64,2.31,3.89,5.65,15.1,6.84,8.13,37.9,21.9,0.0955,2.67,11.4,13.7,1.32,0.13699999999999998,0.0541,0.836,3.85,1.1,1.54,35.5,8.7,0.0634,0.0353,0.0427,0.451,18.2,0.426,0.0483,0.0463,2.2,1.46,1.64,0.155,0.132,0.228,1.03,0.6940000000000001,3.82,3.18,4.76,17.9,11.8,0.97,0.487,1.11,1.68,1.04,0.462,0.235,,17.2,0.792,0.0518,1.25,12.2,9.4,9.13,0.247,5.31,14.1,0.231,5.29,0.535,0.617,0.198,0.188,2.29,0.132,0.556,8.07,8.16,0.447,0.644,3.12,3.32,7.77,5.67,6.86,3.91,8.03,1.98,15.1,0.375,0.495,18.0,5.71,0.0574,6.43,2.28,,1.1,8.33,,8.92,30.5,0.185,0.113,2.03,0.278,0.0552,3.09,,0.409,0.611,3.96,,6.69,4.06,2.74,0.797,0.275,0.161,,16.1,0.0361,12.5,5.56,0.62,0.0953,0.927,6.14,7.81,5.24,0.409,,,1.57,0.512,0.467,1.37,0.779,13.0,2.75,58.5,8.68,15.5,0.0961,0.637,0.421,17.5,0.598,5.25,1.44,0.18,13.0,11.9,7.23,0.445,8.0,3.55,0.0694,5.68,0.226,,0.965,0.365,0.236,6.6,8.63,6.45,2.51,0.101,0.8440000000000001,,0.292,0.434,15.6,1.49,1.71,13.8,,0.0504,12.9,36.1,10.3,20.6,2.0,6.69,0.539,5.97,0.309,0.418,0.603,1.3
1981-01-01,0.15,2.68,2.34,,0.61,1.72,3.6,5.46,15.6,7.35,7.85,13.0,22.8,0.0965,2.71,11.1,12.5,1.24,0.109,0.0614,0.84,4.15,1.08,1.38,7.35,9.0,0.0798,0.037000000000000005,0.0445,0.599,17.4,0.114,0.0599,0.0453,2.1,1.42,1.61,0.15,0.139,0.257,0.911,0.461,4.13,3.3,4.49,17.6,10.1,0.802,0.487,1.03,2.03,1.15,0.39,0.264,,16.8,0.7170000000000001,0.0517,1.66,10.7,8.42,8.82,0.24,5.18,13.4,0.267,5.16,0.648,0.529,0.199,0.18,2.3,0.132,0.478,8.05,7.58,0.472,0.665,2.8,2.27,7.62,5.58,6.65,3.38,7.81,2.37,14.7,0.38,0.488,17.5,5.49,0.0452,6.29,2.25,,1.01,8.57,,8.71,26.1,0.114,0.0939,2.19,0.29100000000000004,0.0546,3.42,,0.4,0.555,4.09,,6.5,3.82,2.94,0.773,0.208,0.161,,15.8,0.0295,11.5,5.24,0.636,0.111,0.873,6.63,7.8,4.93,0.425,,,1.64,0.527,0.423,1.34,0.71,11.4,2.75,51.8,8.7,15.1,0.113,0.6559999999999999,0.45,17.0,0.5720000000000001,5.67,1.47,0.2,10.9,11.6,7.77,0.569,8.77,3.62,0.0653,5.43,0.262,1.28,0.7979999999999999,0.361,0.222,5.64,8.34,6.17,2.4,0.11,0.7829999999999999,,0.251,0.51,15.7,1.5,1.76,13.2,,0.0411,12.6,33.6,9.98,19.6,1.83,6.39,0.433,5.89,0.319,0.514,0.555,1.23
1982-01-01,0.163,2.62,1.92,,0.518,4.75,3.59,5.48,15.6,7.05,7.87,10.3,25.5,0.102,2.54,11.2,11.9,1.14,0.122,0.0769,0.747,3.78,1.14,1.35,10.2,10.1,0.0804,0.036000000000000004,0.0488,0.69,16.6,0.125,0.0612,0.0435,1.74,1.53,1.63,0.146,0.11,0.713,0.821,0.634,3.77,3.47,4.57,17.5,10.5,0.904,0.5379999999999999,1.04,2.29,1.24,0.37,0.258,,17.0,0.693,0.0399,1.25,8.9,8.06,8.57,0.238,5.24,13.0,0.26,5.26,0.669,0.472,0.194,0.17600000000000002,1.8,0.138,0.449,8.1,6.83,0.475,0.684,3.29,2.11,7.41,6.22,6.48,2.78,7.51,2.44,14.8,0.261,0.422,14.0,5.48,0.0464,6.39,2.2,,0.301,8.79,,8.81,24.5,0.11,0.0901,2.12,0.281,0.0495,3.9,,0.541,0.508,4.28,,6.55,3.78,2.67,0.812,0.207,0.156,,15.6,0.0282,9.35,5.73,0.611,0.118,0.845,6.05,7.56,4.45,0.446,,,1.58,0.517,0.405,1.28,0.6970000000000001,11.6,2.94,44.5,8.56,15.3,0.111,0.722,0.479,14.4,0.514,5.16,1.24,0.156,11.8,11.4,7.04,0.491,9.31,3.63,0.0665,5.46,0.28800000000000003,1.54,0.94,0.394,0.225,5.19,7.48,5.79,2.37,0.109,0.765,,0.28,0.47,16.4,1.41,1.87,13.1,,0.0413,12.8,31.6,9.76,18.4,1.64,6.35,0.423,5.82,0.32299999999999995,0.695,0.561,1.1
1983-01-01,0.201,2.68,2.49,,0.55,1.37,3.59,5.49,14.8,6.8,7.86,8.96,20.8,0.0951,2.69,11.3,10.2,1.11,0.109,0.0667,0.722,4.03,1.03,1.28,12.8,10.1,0.0809,0.0457,0.0511,0.6940000000000001,16.2,0.122,0.0609,0.0425,1.74,1.59,1.72,0.142,0.141,0.589,0.8059999999999999,0.494,4.04,3.08,4.54,17.5,9.81,0.885,0.542,1.27,2.26,1.22,0.393,0.202,,17.2,0.416,0.0481,1.04,8.53,7.76,7.03,0.23,5.28,13.0,0.303,5.56,0.649,0.403,0.184,0.172,1.6,0.147,0.4920000000000001,8.35,6.54,0.503,0.6659999999999999,3.42,2.6,7.4,6.08,6.32,2.84,7.32,2.73,14.8,0.249,0.35600000000000004,13.7,5.44,0.0515,6.45,2.65,,0.344,8.35,,8.88,22.9,0.0685,0.0849,2.57,0.29100000000000004,0.0553,2.93,,0.5579999999999999,0.599,3.82,,6.58,3.83,2.84,0.8270000000000001,0.157,0.158,,15.3,0.0306,9.57,5.6,0.563,0.147,0.752,6.47,7.79,5.53,0.464,,,1.64,0.519,0.406,1.08,0.6859999999999999,11.5,3.02,36.4,8.74,15.4,0.122,0.718,0.544,13.8,0.429,5.52,1.44,0.19,13.5,11.4,7.49,0.562,9.43,3.8,0.0658,5.3,0.309,1.21,0.838,0.463,0.222,3.79,7.0,6.3,2.33,0.108,0.84,,0.206,0.509,14.3,1.62,1.91,13.0,,0.0451,12.9,28.7,9.7,18.4,1.28,6.28,0.443,5.65,0.331,0.7090000000000001,0.503,1.26
1984-01-01,0.231,2.69,3.26,,0.519,2.37,3.58,5.46,15.3,7.13,7.8,8.07,22.6,0.103,2.93,11.3,10.6,1.07,0.117,0.114,0.6659999999999999,4.2,1.01,1.27,8.79,9.71,0.0618,0.0476,0.0551,0.621,16.7,0.276,0.0607,0.0436,1.82,1.7,1.66,0.138,0.135,0.5710000000000001,0.7440000000000001,0.539,4.24,3.24,4.64,18.1,9.95,0.867,0.596,1.17,2.4,1.33,0.326,0.243,,17.2,0.494,0.042,0.825,8.63,7.41,7.43,0.237,5.28,13.3,0.207,5.68,0.633,0.423,0.184,0.19,1.81,0.146,0.473,8.55,7.58,0.504,0.6970000000000001,3.3,2.62,7.31,5.93,6.42,2.23,7.74,2.96,14.7,0.222,0.35100000000000003,17.1,5.38,0.0511,6.48,2.55,,0.33,7.55,,8.9,24.7,0.0887,0.0795,2.29,0.321,0.0566,3.98,,0.504,0.622,3.73,,6.57,3.44,2.96,0.809,0.12,0.17600000000000002,,15.0,0.0426,9.99,5.97,0.507,0.14800000000000002,0.853,6.8,8.23,5.63,0.477,,,1.32,0.515,0.418,1.07,0.584,11.7,2.9,36.1,8.22,15.4,0.107,0.7140000000000001,0.499,12.5,0.524,5.78,1.43,0.166,12.6,11.7,7.81,0.544,9.92,4.07,0.0573,5.13,0.242,1.22,0.915,0.636,0.192,4.26,6.88,6.12,2.28,0.112,0.892,,0.221,0.508,15.2,1.61,1.97,12.8,,0.0413,13.0,35.7,9.4,18.8,1.15,6.18,0.433,5.52,0.294,0.7709999999999999,0.419,1.15
1985-01-01,0.294,2.65,3.24,,0.47,4.04,3.32,5.79,15.4,7.15,8.28,6.44,24.3,0.112,3.31,12.2,10.5,1.16,0.17,0.134,0.6659999999999999,4.25,1.08,1.33,11.6,9.94,0.0617,0.0486,0.0542,0.643,16.4,0.271,0.0635,0.0353,1.74,1.82,1.61,0.134,0.121,0.621,0.82,0.705,4.3,3.21,4.47,17.9,11.8,0.8440000000000001,0.6509999999999999,1.12,2.14,1.3,0.398,0.187,,18.4,0.629,0.0443,0.8059999999999999,10.1,7.29,7.62,0.228,5.64,13.5,0.258,6.0,0.624,0.425,0.182,0.198,1.84,0.147,0.442,8.14,6.72,0.541,0.738,3.38,2.84,7.62,6.1,6.49,2.16,7.49,2.91,15.7,0.187,0.344,16.8,5.68,0.0557,6.94,2.93,,0.334,8.01,,9.51,25.2,0.105,0.0762,2.33,0.348,0.0518,3.46,,0.369,0.6970000000000001,3.79,,7.01,4.69,3.0,0.7929999999999999,0.08900000000000001,0.17600000000000002,,14.7,0.0401,10.1,6.69,0.532,0.14400000000000002,0.8340000000000001,6.91,7.83,5.76,0.508,,,1.18,0.521,0.421,0.984,0.514,12.0,2.73,33.4,8.41,16.5,0.1,0.711,0.524,13.2,0.41,5.85,2.15,0.174,12.3,11.5,7.89,0.555,9.92,4.38,0.065,5.17,0.242,1.23,1.02,0.632,0.21600000000000005,4.33,7.47,6.19,2.38,0.108,0.928,,0.202,0.508,17.7,1.62,2.15,13.5,,0.0425,14.0,36.4,9.93,18.7,1.09,6.5,0.931,5.84,0.34600000000000003,0.8959999999999999,0.395,1.15
1986-01-01,0.267,2.65,3.3,,0.449,4.04,3.39,5.71,15.1,7.05,8.16,5.91,25.4,0.122,3.57,12.1,10.3,1.21,0.151,0.115,0.597,4.39,0.961,1.43,9.96,10.2,0.0606,0.048,0.0544,0.192,15.5,0.185,0.0621,0.0356,1.77,1.88,1.6,0.12,0.109,0.503,0.918,0.541,4.47,3.28,5.07,18.0,11.5,0.831,0.657,1.23,1.64,1.47,0.394,0.219,,18.3,0.633,0.0524,0.833,10.8,6.98,5.83,0.204,5.6,13.5,0.23,5.82,0.659,0.435,0.177,0.205,1.37,0.128,0.415,7.92,7.29,0.568,0.726,3.0,2.97,8.13,6.43,6.38,1.93,7.45,3.04,15.6,0.198,0.28,19.2,5.59,0.0551,6.9,2.81,,0.335,8.49,,9.47,24.8,0.11,0.0716,2.5,0.411,0.0478,4.25,,0.204,0.7809999999999999,3.79,,6.97,4.86,3.12,0.821,0.0764,0.175,,18.6,0.0405,9.87,6.98,0.59,0.126,0.8540000000000001,7.19,8.41,6.3,0.516,,,1.21,0.493,0.438,1.08,0.521,12.1,3.05,33.4,8.71,16.4,0.0928,0.708,0.478,14.8,0.396,6.08,2.36,0.172,12.6,11.5,8.16,0.552,9.88,4.43,0.0665,4.87,0.223,1.41,1.03,0.627,0.219,4.7,7.4,6.53,2.31,0.102,0.93,,0.252,0.507,14.7,1.6,2.31,13.2,,0.0466,14.0,32.5,10.1,18.5,1.05,6.35,0.441,6.15,0.33,0.825,0.401,1.42
1987-01-01,0.269,2.38,3.53,,0.542,4.46,3.68,5.59,15.8,7.52,7.99,5.85,25.5,0.123,3.65,12.0,10.3,1.3,0.114,0.208,0.623,4.25,1.07,1.46,14.0,10.2,0.0635,0.0496,0.0532,0.172,16.3,0.251,0.0984,0.0366,1.77,1.96,1.61,0.127,0.121,0.608,0.945,0.688,4.35,3.28,5.79,17.8,11.4,0.7929999999999999,0.664,1.44,1.58,1.44,0.477,0.259,,18.0,0.583,0.059,0.654,11.6,6.8,4.59,0.21600000000000005,5.51,13.2,0.241,6.23,0.738,0.454,0.171,0.213,1.73,0.136,0.473,8.04,7.47,0.593,0.722,3.1,3.21,8.6,6.5,6.67,2.27,7.34,3.04,15.3,0.238,0.327,16.2,5.45,0.0545,6.81,2.88,,0.353,7.88,,9.34,23.8,0.121,0.0665,2.48,0.397,0.0444,5.26,,1.73,0.904,3.87,,6.89,5.16,3.04,0.857,0.0765,0.126,,17.8,0.0489,10.3,7.31,0.622,0.136,0.6709999999999999,7.01,8.0,5.81,0.54,,,1.37,0.544,0.483,1.24,0.568,12.4,3.15,27.2,9.09,16.2,0.0902,0.706,0.466,13.2,0.353,5.9,2.88,0.123,11.5,11.3,7.89,0.562,9.59,4.63,0.0515,4.87,0.242,1.34,1.12,0.727,0.16699999999999998,4.61,7.09,6.18,2.23,0.103,1.04,,0.266,0.583,14.7,1.52,2.52,12.8,,0.0493,13.9,31.0,10.1,19.1,1.16,6.17,0.35,6.07,0.365,0.836,0.363,1.59
1988-01-01,0.246,2.29,3.43,,0.457,4.63,3.83,5.65,15.9,6.92,8.07,6.22,26.1,0.13699999999999998,3.65,12.2,10.0,1.39,0.115,0.21600000000000005,0.652,4.35,1.08,1.45,23.4,9.73,0.0663,0.044,0.0535,0.195,17.0,0.225,0.0858,0.0118,2.07,2.07,1.64,0.132,0.123,0.67,0.982,0.794,4.47,3.41,5.7,17.5,10.8,0.659,0.772,1.42,1.76,1.39,0.474,0.269,,18.3,0.564,0.059,0.7609999999999999,10.5,6.68,4.81,0.21,5.6,13.2,0.245,6.64,0.972,0.461,0.172,0.232,1.87,0.149,0.529,7.49,7.37,0.627,0.759,3.3,4.04,8.52,7.01,6.77,1.9,7.98,2.82,15.6,0.212,0.318,16.1,5.48,0.0529,6.93,2.74,,0.379,8.57,,9.52,24.4,0.117,0.0622,2.52,0.454,0.0469,5.66,,1.65,0.8240000000000001,3.79,,7.02,5.5,3.14,0.885,0.0789,0.102,,17.4,0.0542,9.86,7.64,0.561,0.131,0.78,7.22,8.54,6.27,0.569,,,1.23,0.5,0.536,1.18,0.638,11.8,3.29,26.8,9.08,16.5,0.0978,0.7040000000000001,0.421,13.4,0.383,6.06,2.83,0.11,12.5,11.1,8.13,0.535,9.77,5.29,0.0736,5.06,0.205,1.62,1.24,0.62,0.235,4.82,6.79,6.21,2.22,0.096,1.21,,0.269,0.737,13.2,1.57,2.4,12.9,,0.0534,14.2,29.6,10.0,19.8,1.56,6.19,0.474,6.2,0.354,0.8909999999999999,0.41,1.63
1989-01-01,0.233,2.76,3.18,,0.43,4.61,3.64,5.48,16.6,6.99,7.76,7.73,24.4,0.133,3.81,11.9,10.7,1.64,0.127,0.119,0.74,4.34,1.15,1.45,25.2,9.72,0.0957,0.0504,0.0519,0.664,17.0,0.244,0.0908,0.0178,2.45,2.06,1.63,0.128,0.13,0.653,0.966,0.7190000000000001,4.45,3.38,5.9,16.7,9.52,0.6890000000000001,0.83,1.47,2.02,1.31,0.49,0.289,,17.9,0.546,0.0604,0.8640000000000001,10.5,6.97,6.24,0.196,5.44,12.8,0.23,7.22,1.06,0.463,0.16899999999999998,0.242,1.59,0.14800000000000002,0.5579999999999999,7.3,7.51,0.674,0.7390000000000001,3.47,4.25,8.57,7.25,7.1,2.8,8.24,2.67,15.1,0.222,0.311,17.1,5.27,0.0558,6.75,2.83,,0.313,8.57,,9.26,26.2,0.0822,0.0616,2.86,0.5760000000000001,0.0502,6.05,,1.42,1.01,4.38,,6.83,4.89,3.14,0.94,0.0809,0.109,,17.0,0.0485,10.9,7.58,0.36,0.134,0.454,7.19,8.16,5.74,0.578,,,1.04,0.452,0.541,1.01,0.645,11.2,4.13,31.0,9.11,16.1,0.0941,0.747,0.41,13.0,0.502,6.01,3.35,0.0879,14.2,10.5,8.05,0.532,9.49,5.56,0.0568,5.75,0.202,1.64,1.22,0.7190000000000001,0.17600000000000002,4.67,6.53,5.98,2.1,0.0886,1.4,,0.278,0.735,13.3,1.63,2.6,12.2,,0.0478,13.9,31.4,10.2,19.8,1.57,5.9,0.4370000000000001,5.67,0.261,0.889,0.329,1.59
1990-01-01,0.21,1.68,2.98,7.47,0.43,4.52,3.43,5.12,16.4,8.08,7.14,7.18,25.0,0.13699999999999998,4.1,10.3,12.1,1.66,0.13699999999999998,0.242,0.835,4.36,2.1,1.39,23.9,8.66,0.0662,0.0384,0.141,0.0532,16.8,0.282,0.0706,0.0633,2.48,2.06,1.72,0.151,0.123,0.501,0.934,0.401,4.89,3.09,6.08,15.9,10.4,0.547,0.833,1.28,1.63,1.34,0.47,0.149,,23.7,1.17,0.0624,1.11,11.4,7.08,4.73,0.207,5.09,13.3,0.257,8.16,1.1,0.537,0.158,0.177,1.53,0.141,0.514,7.08,8.78,0.7070000000000001,0.8290000000000001,3.72,2.82,9.38,8.06,7.71,3.11,9.31,2.94,16.3,0.24,0.304,18.1,4.85,0.121,7.33,2.81,0.865,0.226,8.24,6.92,9.69,31.1,0.0802,0.0786,3.16,0.772,0.0501,5.37,,0.42,1.39,3.78,,6.36,4.53,3.12,0.93,0.0782,0.103,,13.1,0.0406,10.9,7.5,0.49,0.0751,0.408,7.16,8.32,6.2,0.631,,0.41,1.11,0.467,0.506,0.95,0.669,9.94,4.62,24.7,7.22,17.1,0.0719,0.631,0.4,11.4,0.417,5.93,2.13,0.113,14.7,11.7,7.53,0.47,8.51,5.77,0.0792,5.9,0.221,2.64,1.17,0.7509999999999999,0.237,4.29,6.71,6.64,1.92,0.0838,1.58,,0.258,0.81,13.9,1.59,2.81,11.1,0.823,0.044,13.7,28.3,10.5,20.3,1.28,5.39,0.45,6.21,0.312,0.8140000000000001,0.3,1.49
1991-01-01,0.183,1.31,2.99,7.18,0.414,4.22,3.54,5.37,16.3,8.49,6.93,7.07,23.3,0.14,4.59,9.56,12.3,2.13,0.154,0.33,0.853,3.16,1.99,1.43,19.9,6.98,0.0693,0.0428,0.141,0.00465,16.2,0.28600000000000003,0.0713,0.0625,2.31,2.13,1.68,0.156,0.0873,0.519,1.03,0.349,3.61,2.71,6.57,14.4,12.5,0.556,0.8340000000000001,1.37,1.57,1.35,0.591,0.152,,22.0,1.04,0.0597,0.902,11.0,7.5,4.64,0.199,3.98,12.8,0.277,8.09,1.14,0.523,0.157,0.17600000000000002,1.51,0.136,0.52,6.74,8.23,0.737,0.979,3.92,2.53,9.57,7.88,7.7,3.18,9.37,2.64,15.7,0.192,0.299,7.35,4.21,0.125,6.72,2.78,0.878,0.182,9.39,7.08,10.3,32.3,0.0846,0.0818,3.69,0.67,0.0503,5.79,,0.416,1.42,3.86,,5.12,5.47,2.21,0.964,0.0762,0.0988,0.715,12.8,0.0553,11.3,7.59,0.466,0.0688,0.43,5.08,7.93,6.13,0.61,,0.403,1.28,0.459,0.486,0.8959999999999999,0.6859999999999999,9.84,4.77,36.2,5.97,16.2,0.0667,0.648,0.391,16.0,0.436,4.16,2.41,0.126,14.5,10.1,6.98,0.457,8.65,6.05,0.0752,6.13,0.236,2.63,1.2,0.7829999999999999,0.214,4.9,6.69,6.87,1.69,0.0866,1.72,,0.272,1.0,13.8,1.82,2.88,9.39,0.8140000000000001,0.0437,12.3,29.3,10.6,19.9,1.45,5.4,0.438,5.73,0.306,0.743,0.289,1.49
1992-01-01,0.0954,0.775,2.96,6.91,0.408,4.1,3.61,1.7,16.4,7.72,7.52,6.96,20.8,0.14300000000000002,3.71,8.87,12.2,1.83,0.162,0.385,0.925,3.55,2.04,1.42,19.0,6.57,0.0678,0.0381,0.14,0.218,16.5,0.299,0.0731,0.064,2.35,2.2,1.79,0.151,0.0753,0.628,1.14,0.3,3.49,1.96,6.9,14.0,11.3,0.5489999999999999,0.8320000000000001,1.46,2.07,1.36,0.613,0.14800000000000002,,16.1,0.964,0.0572,0.995,10.8,7.28,4.91,0.193,2.88,12.1,0.234,8.16,1.21,0.61,0.158,0.17600000000000002,1.4,0.121,0.578,6.03,8.71,0.769,1.09,3.86,3.2,9.48,8.86,7.66,3.14,9.42,3.02,14.3,0.213,0.343,15.5,2.49,0.132,5.38,3.16,0.8909999999999999,0.194,7.97,7.01,5.75,31.2,0.0798,0.0811,3.92,0.978,0.0507,6.27,1.56,0.423,1.58,3.82,0.977,4.8,4.9,2.4,0.994,0.0726,0.114,0.759,12.1,0.0648,11.3,8.03,0.544,0.0618,0.462,5.55,8.1,6.0,0.633,12.5,0.401,1.64,0.453,0.581,0.885,0.743,9.55,5.18,54.5,5.6,13.2,0.0715,0.665,0.383,16.5,0.429,4.51,2.37,0.104,15.1,9.2,6.99,0.433,7.8,6.44,0.0688,6.33,0.28800000000000003,2.7,1.06,0.7809999999999999,0.184,4.83,6.61,6.78,1.33,0.0808,1.87,,0.261,0.73,15.5,1.73,2.94,8.21,0.805,0.0432,11.5,28.2,10.3,20.2,1.63,5.2,0.402,5.14,0.301,0.763,0.287,1.55
1993-01-01,0.0844,0.731,2.97,6.74,0.44,4.13,3.46,0.7659999999999999,16.4,7.71,6.39,6.49,27.3,0.146,4.17,7.66,12.0,1.91,0.197,0.325,1.07,3.09,2.29,1.46,17.6,6.72,0.0656,0.0392,0.139,0.224,16.4,0.301,0.0734,0.0614,2.46,2.33,1.81,0.155,0.0686,0.599,1.15,0.384,3.61,1.84,7.05,13.4,11.7,0.545,0.88,1.55,2.2,1.54,0.725,0.151,,12.8,0.8009999999999999,0.0562,0.986,11.1,6.9,4.83,0.197,1.91,11.9,0.268,8.0,1.23,0.562,0.158,0.17600000000000002,1.39,0.092,0.519,6.14,9.23,0.78,1.15,3.95,3.33,9.5,8.98,7.53,3.22,9.34,2.8,12.7,0.238,0.387,27.7,1.9,0.132,4.58,3.19,0.898,0.215,8.15,7.18,4.45,31.2,0.0794,0.0906,4.66,0.816,0.0506,6.26,1.69,0.422,1.62,3.82,0.953,3.63,4.1,2.09,1.06,0.0749,0.124,0.894,11.1,0.0718,11.2,7.78,0.512,0.068,0.4370000000000001,5.13,8.4,6.39,0.66,12.2,0.391,1.48,0.443,0.64,1.0,0.735,9.54,5.02,61.8,5.29,12.5,0.0771,0.6579999999999999,0.375,17.7,0.43,3.89,2.48,0.105,15.4,8.69,7.16,0.421,8.1,7.27,0.0486,6.1,0.278,2.76,1.61,0.95,0.122,4.77,6.56,6.35,0.924,0.087,2.08,,0.266,0.883,14.4,1.86,3.02,6.87,0.7979999999999999,0.0418,9.95,30.2,10.1,20.4,1.4,5.3,0.39,5.9,0.314,0.633,0.285,1.47
1994-01-01,0.0752,0.612,3.06,6.49,0.28600000000000003,3.98,3.55,0.8270000000000001,16.5,7.71,5.46,6.34,26.9,0.156,2.8,6.37,12.3,1.85,0.214,0.379,1.15,0.815,2.11,1.5,16.2,6.61,0.0658,0.0398,0.142,0.215,16.7,0.302,0.0749,0.06,2.67,2.45,1.87,0.151,0.0423,0.813,1.5,0.301,3.49,1.97,7.18,12.8,12.4,0.53,0.929,1.61,1.21,1.39,0.812,0.161,0.319,13.7,1.19,0.0398,0.966,12.1,6.79,4.14,0.191,1.19,11.6,0.308,8.12,1.44,0.664,0.159,0.172,1.83,0.0241,0.594,5.98,8.92,0.809,1.15,4.35,3.64,9.76,9.31,7.43,3.27,9.75,3.01,10.7,0.238,0.383,33.3,1.36,0.134,4.05,3.27,0.9,0.212,9.02,6.62,4.32,28.7,0.0954,0.0929,4.66,0.797,0.0501,6.65,1.68,0.424,1.46,3.9,0.968,2.85,3.48,2.03,1.09,0.0708,0.14300000000000002,0.988,10.5,0.0809,11.2,7.7,0.5529999999999999,0.0633,0.332,5.2,8.78,7.01,0.6990000000000001,11.8,0.387,1.6,0.431,0.73,0.97,0.794,9.4,5.07,60.6,5.28,11.1,0.0777,0.674,0.368,16.9,0.454,3.76,2.67,0.111,18.0,8.18,7.34,0.399,8.36,7.69,0.0676,6.4,0.301,2.91,1.77,1.12,0.162,4.7,6.8,6.16,0.414,0.0717,2.29,,0.244,0.958,13.9,1.76,2.91,8.13,0.792,0.036000000000000004,8.2,31.7,9.97,20.5,1.26,4.84,0.38,6.04,0.354,0.629,0.27,1.57
1995-01-01,0.068,0.67,3.31,6.66,0.7859999999999999,4.0,3.67,1.07,17.0,8.05,4.29,6.22,26.3,0.183,3.03,5.76,12.4,1.82,0.21600000000000005,0.442,1.29,0.889,2.07,1.58,16.1,6.88,0.0619,0.0398,0.145,0.236,17.0,0.313,0.0728,0.0602,2.86,2.63,1.62,0.154,0.0506,0.575,1.36,0.431,3.67,2.35,6.88,12.7,11.8,0.524,1.13,2.02,1.98,1.52,0.889,0.17,0.359,12.7,1.15,0.044,0.973,11.4,6.88,4.25,0.192,0.461,11.6,0.303,8.1,1.5,0.6809999999999999,0.16,0.168,1.92,0.113,0.6709999999999999,5.96,9.22,0.843,1.15,4.42,3.68,9.98,9.47,7.9,3.62,9.82,2.88,10.3,0.267,0.377,34.0,0.989,0.138,3.63,3.48,0.9,0.208,9.24,6.62,4.14,22.5,0.0955,0.0922,5.86,0.981,0.0492,6.58,1.74,0.439,1.62,3.62,0.989,2.63,3.44,2.14,1.1,0.0717,0.157,0.996,10.0,0.112,11.2,7.63,0.593,0.0592,0.31,5.39,8.87,7.14,0.6759999999999999,11.5,0.361,1.07,0.397,0.825,0.975,0.86,9.43,5.44,61.8,5.53,10.9,0.0778,0.69,0.362,12.6,0.395,3.96,2.58,0.0869,11.9,8.24,7.67,0.398,8.74,8.26,0.07,6.72,0.319,3.05,2.1,1.19,0.162,4.67,6.7,6.21,0.424,0.0822,2.64,,0.278,0.993,13.5,1.71,3.1,8.07,0.789,0.0458,7.67,29.0,9.79,20.5,1.41,4.53,0.393,6.06,0.381,0.695,0.236,1.32
1996-01-01,0.0619,0.6509999999999999,3.31,7.06,0.725,4.18,3.82,0.8190000000000001,17.2,8.45,3.98,6.09,27.0,0.183,3.09,5.9,12.7,1.44,0.202,0.527,1.26,1.13,1.83,1.71,15.6,7.0,0.068,0.0399,0.146,0.257,17.3,0.362,0.0709,0.0602,3.27,2.73,1.61,0.158,0.0541,0.614,1.29,0.501,3.83,2.46,7.14,13.0,14.3,0.518,1.03,2.16,2.05,1.47,0.777,0.249,0.392,13.4,1.02,0.0475,1.04,12.5,7.13,4.27,0.189,0.8370000000000001,11.8,0.313,8.23,1.52,0.618,0.166,0.165,2.0,0.129,0.6629999999999999,6.12,9.34,0.895,1.28,4.4,3.34,10.3,9.58,7.79,3.79,9.89,2.92,9.54,0.32,0.3720000000000001,30.7,1.22,0.152,3.7,3.53,0.899,0.201,8.7,6.57,4.35,22.3,0.0965,0.0903,5.9,1.12,0.0502,6.41,1.74,0.448,1.71,3.72,0.982,2.71,3.47,2.51,1.11,0.0684,0.162,1.04,9.62,0.111,11.7,7.89,0.601,0.0654,0.333,5.9,9.53,6.66,0.735,11.3,0.378,1.64,0.412,0.7609999999999999,0.978,0.8590000000000001,9.78,5.15,61.7,5.71,10.7,0.0774,0.728,0.35600000000000004,13.6,0.411,4.65,3.02,0.0986,13.6,8.2,8.01,0.387,8.62,8.78,0.0707,6.39,0.38,3.11,2.17,1.22,0.163,4.65,7.13,6.27,0.483,0.0831,2.89,,0.29100000000000004,0.8,16.3,1.79,3.36,7.14,0.787,0.0495,6.95,28.7,10.1,21.0,1.67,4.57,0.491,5.47,0.448,0.6809999999999999,0.197,1.29
1997-01-01,0.0561,0.498,2.93,7.24,0.494,4.3,3.86,1.04,17.5,8.41,3.76,5.32,29.1,0.193,3.32,6.25,12.1,1.75,0.191,0.6829999999999999,1.37,2.24,1.82,1.78,15.8,6.78,0.0753,0.0407,0.135,0.22,17.6,0.363,0.0724,0.0601,3.75,2.71,1.71,0.161,0.0428,0.8170000000000001,1.32,0.464,4.1,2.23,7.1,12.7,12.4,0.527,1.14,2.22,1.52,1.66,0.943,0.5670000000000001,0.35,13.1,1.25,0.0491,0.988,12.2,6.98,4.19,0.18600000000000005,0.94,11.5,0.34700000000000003,8.61,1.66,0.69,0.168,0.17800000000000002,2.1,0.168,0.6759999999999999,6.0,9.6,0.915,1.39,4.23,3.18,10.6,9.86,7.89,3.9,9.82,2.91,9.1,0.276,0.366,32.0,1.19,0.157,3.53,4.13,0.9,0.195,8.74,6.87,4.21,20.4,0.113,0.0924,5.74,1.25,0.0524,6.47,1.74,0.443,1.73,3.9,1.01,1.7,3.29,2.7,1.12,0.0714,0.165,1.04,9.65,0.122,11.2,8.35,0.645,0.0635,0.362,5.32,9.49,6.78,0.716,11.0,0.301,1.96,0.473,0.8270000000000001,1.08,0.96,9.55,5.43,69.9,5.44,9.99,0.0751,0.746,0.35100000000000003,11.1,0.349,5.04,4.35,0.0922,15.5,8.22,8.18,0.376,8.98,9.27,0.0835,6.68,0.407,3.34,2.02,1.22,0.194,4.64,6.55,6.09,0.362,0.0906,2.95,,0.196,1.02,14.6,1.78,3.51,7.02,0.7859999999999999,0.0503,6.79,27.4,9.65,21.0,1.69,4.53,0.482,5.85,0.575,0.7090000000000001,0.245,1.23
1998-01-01,0.0522,0.563,3.53,7.66,0.474,4.36,3.87,1.09,18.0,8.35,3.97,6.57,30.0,0.189,4.09,5.96,12.7,1.61,0.185,0.6509999999999999,1.35,2.83,2.12,1.82,16.2,6.54,0.0783,0.0403,0.16699999999999998,0.213,17.8,0.382,0.0717,0.0595,3.8,2.57,1.7,0.171,0.0369,0.263,1.38,0.423,4.3,2.21,7.28,12.1,11.6,0.501,1.1,2.22,1.83,1.84,0.989,0.328,0.266,12.0,1.24,0.0504,0.952,11.5,7.29,4.24,0.195,1.08,11.4,0.341,9.0,1.73,0.777,0.174,0.149,2.2,0.151,0.737,5.97,9.58,0.916,1.05,4.79,3.26,11.0,9.84,8.11,3.72,9.49,2.89,8.9,0.327,0.36,28.2,1.24,0.16,3.41,4.41,0.903,0.192,8.7,7.1,4.47,18.1,0.116,0.0874,5.17,1.12,0.0743,6.42,1.82,0.429,1.86,4.05,1.08,1.52,3.27,2.85,1.11,0.0662,0.17600000000000002,1.05,9.37,0.0965,11.2,7.91,0.691,0.0662,0.325,6.27,9.5,7.24,0.718,10.8,0.488,2.02,0.513,0.8590000000000001,1.08,0.915,8.79,5.85,58.6,4.79,9.9,0.0692,0.764,0.34600000000000003,10.5,0.35700000000000004,5.36,5.47,0.0904,12.5,8.16,8.04,0.366,8.64,7.8,0.0691,6.86,0.417,3.48,1.92,1.5,0.165,4.58,6.62,6.3,0.414,0.0778,2.59,,0.279,0.907,15.1,1.87,3.46,7.26,0.7859999999999999,0.0557,6.61,28.7,9.71,20.9,1.72,4.95,0.453,7.17,0.596,0.7340000000000001,0.231,1.2
1999-01-01,0.0402,0.956,3.0,7.98,0.5760000000000001,4.42,4.02,0.988,18.3,8.17,3.55,6.65,28.3,0.2,4.3,5.75,12.2,1.46,0.232,0.642,1.26,2.76,1.96,1.84,11.7,5.74,0.0811,0.0404,0.16,0.199,18.1,0.436,0.0742,0.0592,4.02,2.54,1.41,0.173,0.0287,0.27,1.4,0.371,4.52,2.27,7.43,11.3,11.0,0.487,1.16,2.21,1.72,1.85,0.957,0.838,0.275,11.2,1.25,0.0481,0.962,11.4,7.19,4.0,0.215,0.968,11.0,0.339,8.89,1.9,0.774,0.17800000000000002,0.165,2.24,0.158,0.73,6.04,10.2,0.96,1.17,5.86,3.15,11.4,9.41,8.2,3.79,9.76,2.84,7.2,0.32299999999999995,0.354,27.6,0.957,0.162,3.2,4.39,0.904,0.145,8.4,6.92,3.8,18.9,0.119,0.0849,4.78,1.54,0.0755,6.49,1.75,0.428,2.06,4.01,1.02,1.11,3.17,1.97,1.14,0.0677,0.194,0.944,8.77,0.136,10.8,8.25,0.722,0.0625,0.332,5.79,9.61,9.12,0.718,10.5,0.438,1.89,0.428,0.84,1.12,0.894,8.53,6.57,54.9,4.07,10.1,0.067,0.782,0.341,11.2,0.377,3.74,6.38,0.0846,12.6,8.0,7.72,0.384,8.46,8.48,0.0715,7.4,0.457,3.7,2.15,1.53,0.175,4.56,6.3,6.25,0.411,0.0753,2.67,,0.387,1.13,17.8,1.89,3.34,8.43,0.785,0.0563,6.06,26.2,9.55,20.9,2.02,5.01,0.465,7.27,0.591,0.812,0.175,1.33
2000-01-01,0.037000000000000005,0.966,2.82,8.02,0.581,4.54,3.85,1.14,18.5,8.22,3.64,6.55,28.3,0.208,4.24,5.62,12.3,1.6,0.229,0.6459999999999999,1.31,3.66,2.3,1.86,13.8,5.66,0.0889,0.0425,0.163,0.21600000000000005,18.7,0.505,0.0735,0.0584,3.79,2.6,1.42,0.189,0.019,0.335,1.36,0.393,4.45,2.33,7.56,12.4,10.2,0.511,1.47,2.31,1.62,2.04,0.964,0.7559999999999999,0.264,11.0,1.19,0.0524,1.03,11.0,7.06,3.8,0.209,1.03,11.1,0.317,9.3,1.85,0.8390000000000001,0.181,0.122,2.16,0.159,0.7509999999999999,5.73,10.5,0.975,1.26,5.63,3.05,12.0,10.0,8.3,3.89,9.93,2.97,8.95,0.32299999999999995,0.391,26.1,0.936,0.18,2.97,4.03,0.911,0.14800000000000002,8.74,6.54,3.37,20.0,0.119,0.0776,5.46,1.61,0.076,6.42,1.95,0.424,2.27,4.01,1.16,0.851,3.13,2.48,1.17,0.0747,0.215,0.915,8.16,0.127,10.8,8.38,0.735,0.0612,0.645,5.93,9.46,9.5,0.741,10.9,0.515,1.89,0.456,0.6779999999999999,1.14,0.928,8.26,6.43,58.4,4.31,10.1,0.0656,0.82,0.335,14.4,0.389,4.74,7.06,0.0848,12.1,7.64,7.78,0.373,8.42,9.41,0.0744,7.62,0.54,3.91,2.22,1.36,0.185,4.66,6.16,6.11,0.359,0.0768,2.71,,0.271,0.973,18.8,2.03,3.64,8.3,0.7809999999999999,0.0593,5.85,35.7,9.63,21.3,1.59,4.91,0.456,6.28,0.655,0.8320000000000001,0.172,1.16
2001-01-01,0.0376,1.03,2.67,7.79,0.5710000000000001,4.51,3.58,1.16,18.6,8.69,3.52,6.18,20.2,0.239,4.36,5.67,12.2,1.75,0.253,0.612,0.999,3.53,2.3,1.88,12.9,6.17,0.0831,0.0315,0.181,0.209,18.3,0.539,0.066,0.0579,3.39,2.64,1.39,0.185,0.0159,0.238,1.41,0.439,4.73,2.27,7.3,12.4,10.4,0.5,1.58,2.28,1.78,1.77,0.989,6.86,0.264,11.3,1.13,0.0626,1.29,12.0,7.09,3.8,0.221,0.87,11.3,0.341,9.47,1.88,0.8590000000000001,0.18600000000000005,0.123,2.14,0.181,0.831,5.91,10.1,0.964,1.39,5.95,3.5,12.4,10.4,8.38,3.96,9.8,2.99,8.57,0.281,0.342,27.4,0.779,0.196,3.17,4.11,0.922,0.152,8.78,6.4,3.6,21.0,0.107,0.0693,5.7,1.61,0.0745,6.13,2.0,0.434,2.4,4.1,1.57,0.905,3.26,2.72,1.29,0.0853,0.184,1.11,7.89,0.133,11.1,8.83,0.763,0.0555,0.6920000000000001,5.87,9.71,8.77,0.7340000000000001,11.2,0.408,2.25,0.537,0.6809999999999999,1.01,0.883,8.17,6.36,67.1,4.57,10.3,0.0634,0.836,0.355,14.0,0.417,5.24,7.7,0.108,12.1,8.03,8.25,0.3720000000000001,8.16,9.41,0.0823,7.57,0.547,3.95,2.2,1.67,0.208,4.96,6.26,6.28,0.362,0.0885,2.87,,0.229,0.894,20.7,2.1,3.33,8.33,0.774,0.0602,6.28,30.5,9.75,20.7,1.51,4.9,0.465,6.98,0.738,0.895,0.17600000000000002,1.05
2002-01-01,0.0471,1.2,2.81,7.59,0.72,4.73,3.3,1.01,18.7,8.87,3.58,6.27,21.6,0.242,4.39,5.72,12.2,1.65,0.282,0.653,1.18,3.77,2.33,1.83,12.3,5.87,0.0815,0.0317,0.175,0.203,18.3,0.621,0.0646,0.0565,3.48,2.9,1.36,0.18,0.0171,0.174,1.52,0.404,4.99,2.32,7.37,12.1,10.3,0.535,1.47,2.42,1.88,1.76,1.02,9.65,0.242,11.0,1.11,0.0632,1.08,12.5,6.96,3.53,0.214,0.7879999999999999,11.1,0.35700000000000004,9.4,1.98,0.879,0.189,0.123,2.12,0.206,0.865,5.83,10.5,0.959,1.42,5.92,3.47,11.8,9.62,8.36,3.79,10.0,3.09,9.76,0.232,0.462,27.2,0.986,0.212,3.22,3.89,0.939,0.14400000000000002,8.59,6.5,3.66,22.6,0.0735,0.0723,5.64,2.02,0.0739,6.08,2.1,0.45,2.4,4.05,1.34,0.971,3.38,2.88,1.29,0.0821,0.192,0.951,7.62,0.105,11.0,8.75,0.765,0.057,0.7340000000000001,5.34,9.46,10.8,0.7559999999999999,10.8,0.342,1.85,0.5720000000000001,0.698,0.995,0.863,7.97,6.71,63.6,4.66,10.3,0.0617,0.831,0.398,14.9,0.423,5.58,6.41,0.108,11.5,7.79,8.32,0.362,7.73,9.67,0.101,7.95,0.575,4.38,1.82,1.73,0.259,3.24,6.35,6.02,0.292,0.0988,3.0,0.175,0.255,1.04,22.4,2.08,3.39,8.66,1.15,0.06,6.17,24.1,9.45,20.7,1.37,5.03,0.435,7.69,0.843,0.8440000000000001,0.179,0.996
2003-01-01,0.0509,1.38,2.82,7.32,0.496,5.09,3.54,1.15,18.9,9.52,3.67,6.28,21.6,0.248,4.54,5.91,12.3,1.61,0.31,0.5760000000000001,1.24,3.82,2.21,1.75,12.7,6.47,0.085,0.0233,0.185,0.22,18.7,0.685,0.0605,0.0794,3.47,3.39,1.38,0.226,0.0202,0.269,1.57,0.292,5.31,2.26,7.64,12.5,11.3,0.555,1.67,2.4,2.0,2.01,1.07,11.2,0.273,12.5,1.03,0.0675,1.27,13.9,7.02,3.5,0.207,0.882,11.1,0.359,9.73,2.08,0.836,0.194,0.151,2.1,0.192,0.938,6.11,10.4,0.983,1.44,6.08,3.54,11.5,9.95,8.53,3.94,10.1,3.13,10.8,0.19,0.495,27.6,1.07,0.218,3.35,4.23,0.957,0.152,8.69,6.72,3.69,23.4,0.0973,0.0754,6.37,1.67,0.0716,6.56,1.99,0.452,2.53,4.25,1.34,1.06,3.25,3.07,1.26,0.0961,0.203,0.997,6.61,0.112,11.1,9.05,0.82,0.0596,0.759,5.51,9.71,13.4,0.768,10.7,0.3720000000000001,1.89,0.634,0.716,0.954,0.846,8.32,6.19,60.6,4.85,10.6,0.0594,0.868,0.439,14.6,0.456,6.0,6.41,0.109,7.54,7.85,8.2,0.361,8.66,9.59,0.109,7.91,0.57,4.33,2.24,1.83,0.281,3.16,6.39,6.15,0.316,0.102,3.15,0.17,0.339,1.18,24.9,2.11,3.58,9.57,1.13,0.0607,6.46,28.5,9.6,20.7,1.36,4.91,0.424,7.5,0.928,0.901,0.185,0.8859999999999999
2004-01-01,0.0368,1.34,2.69,7.36,0.998,5.25,4.08,1.23,19.3,9.49,3.8,6.19,21.6,0.263,4.62,6.32,12.3,1.42,0.32,0.455,1.22,4.11,2.21,1.81,13.6,6.4,0.0845,0.0278,0.187,0.223,18.4,0.723,0.0593,0.0769,3.69,3.88,1.3,0.239,0.0217,0.271,1.61,0.409,5.23,2.21,7.74,12.5,10.2,0.528,2.03,2.02,2.12,2.01,1.04,9.85,0.281,12.7,1.01,0.0695,1.64,13.2,6.99,3.44,0.21600000000000005,1.01,10.9,0.336,9.76,1.97,0.8740000000000001,0.198,0.154,2.18,0.217,0.995,5.98,10.7,1.01,1.52,6.42,4.32,11.4,9.18,8.54,3.88,10.0,3.35,11.2,0.209,0.527,28.7,1.15,0.226,3.4,3.77,0.989,0.174,8.76,6.66,3.9,26.2,0.101,0.0742,6.82,2.14,0.07200000000000001,6.31,2.15,0.472,2.54,4.2,1.34,1.11,3.44,3.32,1.44,0.0937,0.255,1.03,6.66,0.104,11.1,8.82,0.8170000000000001,0.0616,0.73,5.44,9.72,11.3,0.83,10.9,0.627,1.75,0.706,0.7090000000000001,1.14,0.86,8.43,6.43,56.7,4.83,10.6,0.0594,0.8420000000000001,0.477,17.1,0.462,6.52,8.43,0.102,6.82,7.95,8.37,0.35200000000000004,9.5,9.88,0.132,8.17,0.627,4.59,2.2,2.03,0.34700000000000003,3.16,6.28,6.18,0.383,0.113,3.36,0.181,0.319,1.1,25.9,2.19,3.65,9.88,1.11,0.0627,6.58,27.5,9.58,20.9,1.68,4.82,0.287,5.82,1.06,0.955,0.182,0.785
2005-01-01,0.0515,1.38,3.21,7.3,0.979,5.27,4.15,1.47,19.2,9.63,4.02,5.63,22.3,0.271,4.78,6.5,11.9,1.49,0.297,0.583,1.31,4.26,2.28,1.84,13.3,6.59,0.0837,0.0209,0.209,0.203,17.9,0.95,0.0581,0.0759,3.77,4.34,1.41,0.228,0.0264,0.268,1.56,0.409,5.35,2.3,7.79,12.3,9.51,0.529,2.03,2.02,2.17,2.19,1.04,10.0,0.27,12.6,1.0,0.065,1.32,10.9,6.99,3.5,0.211,1.19,10.6,0.312,10.2,2.07,0.925,0.2,0.158,1.93,0.223,0.996,6.0,10.1,1.06,1.52,6.65,4.2,11.6,8.66,8.49,3.78,10.1,3.55,11.9,0.228,0.636,31.4,1.09,0.233,3.47,3.55,1.01,0.204,8.92,6.6,4.22,26.5,0.0942,0.0718,7.08,1.88,0.0718,6.42,2.06,0.475,2.7,4.38,1.14,1.19,3.4,2.84,1.5,0.0865,0.236,1.19,6.33,0.119,10.9,9.1,0.7859999999999999,0.052000000000000005,0.762,5.47,9.5,11.7,0.841,11.1,0.767,2.03,0.675,0.65,1.32,0.8490000000000001,8.41,6.62,58.6,4.8,10.8,0.0583,0.898,0.489,16.6,0.5,5.62,7.78,0.0818,7.12,7.94,8.5,0.343,8.69,9.44,0.121,8.37,0.611,4.23,2.24,2.03,0.324,3.18,5.96,6.2,0.35700000000000004,0.14,3.43,0.177,0.307,1.13,29.4,2.21,3.89,10.2,1.1,0.0761,6.68,25.0,9.46,20.8,1.73,4.43,0.28,6.2,1.13,0.985,0.189,0.887
2006-01-01,0.0622,1.27,2.98,6.75,1.1,5.36,4.45,1.49,19.1,9.31,4.54,5.37,20.3,0.29600000000000004,4.84,6.82,11.7,1.52,0.452,0.568,1.59,4.62,2.25,1.82,12.8,6.8,0.0982,0.0246,0.223,0.206,17.6,1.01,0.0605,0.0757,3.91,4.77,1.44,0.258,0.0275,0.29600000000000004,1.6,0.363,5.4,2.34,7.84,12.3,10.9,0.517,2.02,2.11,2.03,2.29,1.11,10.4,0.187,12.2,0.995,0.0678,1.45,13.0,6.77,2.9,0.221,1.46,10.8,0.41,10.1,2.2,0.91,0.203,0.157,1.73,0.223,0.978,5.96,10.5,1.11,1.51,7.15,3.58,11.3,9.31,8.36,4.15,9.88,3.43,13.3,0.248,0.7,30.9,1.06,0.3,3.74,3.11,1.02,0.202,8.95,6.61,4.36,25.7,0.0883,0.0708,6.83,2.32,0.0819,6.41,2.17,0.457,2.96,4.43,1.15,1.21,3.68,3.34,1.54,0.0909,0.259,1.18,4.48,0.0971,10.5,8.96,0.802,0.0486,0.687,5.3,9.53,15.1,0.877,11.6,0.619,2.17,0.648,0.662,1.01,0.758,8.76,6.15,61.8,4.95,11.2,0.0569,0.912,0.522,17.6,0.389,6.66,8.19,0.106,7.0,7.9,8.57,0.343,9.22,9.53,0.127,8.04,0.599,4.26,2.22,2.03,0.34700000000000003,3.44,5.9,6.09,0.381,0.149,3.46,0.177,0.261,1.26,32.7,2.22,4.1,10.3,0.725,0.0865,7.14,23.0,9.33,20.3,1.99,4.47,0.222,6.32,1.17,1.02,0.183,0.853
2007-01-01,0.0838,1.29,3.18,6.52,1.2,5.59,4.39,1.74,19.2,8.96,3.49,5.33,25.9,0.299,4.89,6.78,11.3,1.59,0.511,0.56,1.27,4.65,2.26,1.88,22.2,7.35,0.112,0.0238,0.253,0.305,18.1,1.07,0.0603,0.079,4.28,5.1,1.41,0.16,0.029,0.31,1.79,0.341,5.72,2.29,8.01,12.4,10.0,0.574,2.59,2.22,2.21,2.38,1.12,9.57,0.187,14.9,1.03,0.0724,1.37,12.6,6.56,2.78,0.215,1.53,10.5,0.419,10.3,2.27,0.887,0.207,0.16399999999999998,2.09,0.249,1.1,5.85,11.5,1.18,1.62,7.2,2.2,11.0,9.18,8.16,3.48,10.1,3.43,13.6,0.247,0.608,29.9,1.26,0.308,3.93,2.89,1.04,0.181,8.26,5.71,4.84,23.9,0.0918,0.0727,6.85,2.33,0.0951,6.58,2.22,0.512,2.99,4.4,1.26,1.21,4.66,3.32,1.61,0.101,0.258,1.18,4.47,0.0978,10.5,8.65,0.815,0.0489,0.645,4.6,9.81,16.4,0.929,13.2,0.619,2.09,0.899,0.674,1.22,0.792,8.76,5.9,51.7,5.09,11.2,0.0585,0.947,0.507,15.4,0.413,6.56,7.12,0.0863,4.35,7.6,8.59,0.365,9.47,10.1,0.142,8.09,0.613,4.53,2.3,2.1,0.399,3.44,5.76,5.76,0.454,0.14,3.49,0.177,0.256,1.11,34.7,2.3,4.5,11.5,1.08,0.0956,7.26,21.6,9.1,20.4,1.79,4.39,0.451,5.92,1.18,0.974,0.149,0.8029999999999999
2008-01-01,0.152,1.46,3.14,6.43,1.18,5.63,4.7,1.92,19.0,8.85,4.02,6.87,26.7,0.314,5.76,7.03,11.2,1.42,0.49,0.597,1.34,5.32,2.35,1.98,23.7,7.18,0.118,0.0235,0.274,0.282,17.3,0.976,0.0592,0.083,4.24,5.45,1.52,0.162,0.03,0.32299999999999995,1.77,0.336,5.44,2.47,8.03,11.8,9.33,0.611,2.33,2.14,2.29,2.45,1.05,7.47,0.131,13.3,1.06,0.0775,1.04,11.0,6.42,2.74,0.217,1.28,10.5,0.379,10.1,2.4,0.778,0.205,0.157,2.09,0.245,1.06,5.75,12.2,1.29,1.77,7.42,3.25,10.7,9.69,7.94,3.57,9.59,3.16,13.4,0.249,0.6679999999999999,31.0,1.44,0.35200000000000004,3.78,3.66,1.07,0.14800000000000002,9.14,6.19,4.7,23.1,0.0935,0.0793,7.44,2.46,0.11,6.74,2.29,0.5379999999999999,3.04,4.45,1.06,1.26,4.57,4.2,1.68,0.0979,0.195,1.63,4.45,0.127,10.6,8.79,0.7709999999999999,0.0527,0.631,4.55,9.52,15.3,0.906,11.0,0.532,2.08,0.688,0.7040000000000001,1.43,0.851,8.58,5.67,44.8,5.05,11.4,0.0555,0.98,0.493,16.7,0.395,5.71,7.66,0.0873,7.57,7.67,9.01,0.35700000000000004,9.94,10.3,0.142,7.29,0.6,4.49,2.33,2.1,0.413,3.75,5.49,5.87,0.4,0.142,3.43,0.191,0.251,1.17,33.7,2.34,4.4,11.5,1.07,0.1,7.06,21.7,8.77,19.5,2.46,4.47,0.424,6.5,1.31,1.01,0.16399999999999998,0.624
2009-01-01,0.238,1.47,3.4,6.12,1.23,5.88,4.42,1.51,18.8,8.1,3.57,4.59,23.7,0.337,5.69,6.57,9.93,1.86,0.504,0.5429999999999999,1.38,5.5,1.98,1.86,20.2,6.12,0.121,0.0227,0.324,0.334,16.1,1.08,0.0583,0.0815,3.91,5.7,1.62,0.196,0.0272,0.416,1.7,0.275,5.04,2.5,7.68,11.0,8.84,0.5539999999999999,2.28,2.07,2.4,2.5,1.03,7.52,0.159,10.9,1.01,0.0761,0.913,10.5,6.12,2.69,0.219,1.49,9.76,0.31,9.53,2.39,0.8,0.212,0.158,2.09,0.228,0.943,5.21,11.8,1.41,1.88,7.51,3.57,9.38,8.89,7.06,2.73,9.05,3.1,13.0,0.293,0.545,30.8,1.26,0.434,3.48,4.36,1.11,0.127,9.33,5.75,4.05,21.5,0.0853,0.0775,7.11,2.5,0.122,6.15,2.35,0.578,2.98,4.24,1.42,1.11,4.89,2.7,1.65,0.107,0.202,1.47,4.06,0.156,10.2,8.05,0.774,0.0608,0.486,4.2,9.1,14.1,0.885,10.8,0.528,2.35,0.713,0.736,1.78,0.828,8.23,5.39,41.5,4.25,10.7,0.0571,1.01,0.521,17.5,0.35200000000000004,5.09,5.78,0.0853,11.8,6.98,8.03,0.349,9.96,10.3,0.142,6.37,0.644,4.6,2.24,2.88,0.42,3.82,5.06,5.65,0.33,0.132,3.64,0.212,0.439,1.27,33.9,2.31,4.43,10.0,1.06,0.103,6.04,20.9,7.87,17.9,2.37,3.8,0.526,6.43,1.41,1.08,0.182,0.441
2010-01-01,0.29,1.56,3.28,6.12,1.24,5.96,4.57,1.48,18.4,8.6,3.39,6.73,23.5,0.366,5.19,6.79,10.4,1.67,0.537,0.6779999999999999,1.49,5.71,2.28,2.1,20.8,6.44,0.131,0.0355,0.35200000000000004,0.328,16.3,1.13,0.0602,0.0834,4.18,6.22,1.69,0.234,0.0304,0.459,1.62,0.29600000000000004,4.87,3.02,7.25,11.2,8.86,0.615,2.43,2.12,2.39,2.4,1.02,7.31,0.157,14.3,0.995,0.0724,1.4,12.0,6.2,2.94,0.241,1.52,10.3,0.392,8.95,2.45,0.759,0.244,0.157,2.29,0.211,0.954,5.26,11.3,1.38,1.77,7.65,3.73,9.16,9.3,7.19,2.54,9.46,2.84,14.5,0.28,0.57,29.9,1.17,0.48,4.04,4.04,1.14,0.196,9.87,5.31,4.39,22.1,0.0917,0.0707,7.68,2.56,0.131,6.12,2.41,0.561,3.14,4.07,0.998,1.18,5.09,3.88,1.74,0.112,0.259,1.46,4.4,0.181,10.9,8.01,0.768,0.0711,0.713,4.15,9.47,15.4,0.925,11.6,0.502,2.49,0.638,0.804,1.97,0.883,8.71,5.0,38.8,4.11,11.3,0.0572,1.01,0.5489999999999999,18.9,0.575,5.09,4.86,0.0897,11.4,7.13,8.02,0.354,9.16,11.4,0.14,6.04,0.645,4.49,2.32,2.03,0.417,4.53,5.63,5.77,0.334,0.154,3.82,0.215,0.405,1.13,36.0,2.55,4.35,11.2,0.6970000000000001,0.116,6.43,18.3,8.07,18.5,1.88,3.64,0.512,6.67,1.55,1.0,0.189,0.607
2011-01-01,0.406,1.79,3.27,5.87,1.25,5.75,4.61,1.73,18.0,8.3,3.61,5.01,22.4,0.379,5.36,6.68,9.48,1.82,0.517,0.964,1.57,6.5,2.0,2.18,24.3,7.2,0.133,0.047,0.35100000000000003,0.295,16.4,1.23,0.0631,0.0664,4.53,6.83,1.67,0.192,0.0366,0.51,1.56,0.302,4.8,2.6,6.89,10.9,7.93,0.5539999999999999,2.17,2.17,2.35,2.53,1.05,9.52,0.174,14.4,1.0,0.0765,1.24,10.5,5.78,2.92,0.242,1.91,10.0,0.443,8.74,2.37,0.752,0.249,0.157,2.37,0.207,1.02,5.09,10.8,1.45,2.07,7.76,4.41,8.28,9.17,6.95,2.72,9.85,2.77,13.8,0.3,0.525,27.3,1.37,0.499,3.73,3.9,1.16,0.212,6.29,4.87,4.57,21.4,0.109,0.0762,7.6,2.59,0.139,6.26,2.47,0.5870000000000001,3.13,4.19,1.13,1.21,7.74,3.85,1.73,0.129,0.29600000000000004,1.28,4.01,0.195,10.1,7.77,0.815,0.0773,0.8,4.49,9.2,16.4,0.917,12.2,0.542,2.69,0.7,0.821,1.67,0.877,8.7,4.9,39.2,4.42,11.6,0.0629,1.08,0.556,17.6,0.6,5.47,3.55,0.113,8.88,7.04,7.98,0.339,9.16,11.8,0.133,6.04,0.73,4.67,2.32,1.83,0.396,3.36,5.17,5.19,0.301,0.171,3.76,0.221,0.38,0.991,35.1,2.38,4.63,12.0,0.69,0.122,6.76,18.9,7.34,17.9,2.27,3.9,0.544,5.9,1.63,0.8490000000000001,0.199,0.737
2012-01-01,0.345,1.69,3.43,5.92,1.35,5.8,4.6,1.99,17.8,7.95,3.79,5.24,21.0,0.402,5.15,6.77,9.17,1.41,0.477,1.1,1.79,6.15,2.49,2.31,23.8,6.59,0.158,0.0411,0.361,0.274,16.3,1.0,0.0661,0.0707,4.58,6.97,1.73,0.198,0.0342,0.653,1.53,0.387,4.45,2.62,6.36,10.5,7.11,0.5529999999999999,2.33,2.17,2.06,2.49,1.04,6.77,0.19,13.6,1.15,0.0874,1.2,9.47,5.76,2.88,0.239,2.03,10.1,0.551,8.49,2.53,0.758,0.228,0.158,2.64,0.214,1.04,4.75,10.7,1.56,2.12,7.96,4.8,8.29,9.83,6.56,2.58,10.2,2.95,14.0,0.271,0.483,29.9,1.78,0.528,3.64,4.04,1.19,0.233,8.34,5.07,4.65,20.5,0.123,0.0737,7.43,2.8,0.14400000000000002,6.58,2.39,0.629,3.17,4.24,1.19,1.17,12.4,3.54,1.78,0.12,0.232,1.53,3.98,0.205,9.89,8.06,0.76,0.0986,0.701,4.25,8.99,16.8,0.889,12.3,0.519,2.59,0.653,0.8059999999999999,1.84,0.91,8.52,4.75,42.5,4.28,11.7,0.0682,1.05,0.603,19.3,0.55,4.89,4.55,0.128,9.31,6.65,7.69,0.33,8.77,11.7,0.132,5.93,0.77,4.41,2.3,2.33,0.393,4.16,4.86,5.28,0.369,0.196,3.99,0.259,0.327,1.04,33.7,2.43,4.74,12.3,1.02,0.112,6.69,23.8,7.56,17.1,2.55,3.91,0.456,6.51,1.51,0.747,0.241,0.5870000000000001
2013-01-01,0.28,1.69,3.48,5.9,1.28,5.73,4.56,1.91,17.1,7.97,3.74,7.82,23.7,0.405,5.06,6.85,9.11,1.49,0.488,1.2,1.79,6.16,2.75,2.46,18.9,5.84,0.168,0.0419,0.365,0.22,16.4,0.975,0.0643,0.0715,4.65,7.04,1.98,0.237,0.0496,0.695,1.59,0.4320000000000001,4.32,2.46,5.72,10.1,7.41,0.629,2.38,2.09,2.59,2.37,0.973,7.15,0.191,14.9,1.4,0.104,1.52,9.52,5.75,2.9,0.22,1.98,10.3,0.5329999999999999,7.62,2.81,0.807,0.194,0.156,2.55,0.221,1.05,4.46,10.7,1.56,1.63,7.97,4.94,8.06,8.41,6.06,2.78,10.3,2.8,14.1,0.281,0.476,26.8,1.69,0.613,3.61,3.76,1.19,0.207,8.87,5.22,4.36,19.0,0.13699999999999998,0.0734,7.96,2.63,0.161,5.73,2.45,0.536,3.24,4.13,1.28,1.2,15.1,3.44,1.74,0.159,0.25,1.17,4.31,0.234,9.85,7.82,0.718,0.102,0.711,3.79,8.86,16.2,0.895,12.5,0.563,2.97,0.662,0.795,1.53,0.97,8.43,4.6,36.0,3.84,11.2,0.0724,1.04,0.5920000000000001,18.0,0.5710000000000001,5.0,3.53,0.151,10.3,6.57,7.36,0.34,8.53,11.8,0.14,5.37,0.711,4.44,2.29,1.92,0.407,3.83,4.66,5.33,0.35600000000000004,0.225,4.17,0.385,0.307,1.12,34.3,2.45,4.55,12.4,1.01,0.117,6.57,23.7,7.36,17.5,2.21,3.43,0.414,6.14,1.55,0.994,0.252,0.872
2014-01-01,0.253,1.9,3.68,5.83,1.64,5.7,4.56,1.91,16.7,7.49,3.88,6.34,23.3,0.4270000000000001,4.37,6.77,8.55,1.4,0.508,1.33,1.87,5.55,3.28,2.59,21.8,6.23,0.166,0.0383,0.4270000000000001,0.293,16.2,0.948,0.0649,0.0717,4.36,7.02,1.83,0.203,0.0628,0.6559999999999999,1.6,0.43,4.16,2.43,6.01,9.83,6.63,0.6609999999999999,2.48,2.12,2.85,2.47,0.981,6.51,0.205,14.4,0.8240000000000001,0.121,1.87,8.73,5.23,2.82,0.254,2.18,9.74,0.542,7.36,2.16,0.852,0.194,0.16,2.63,0.264,1.04,4.48,10.5,1.7,1.44,8.29,4.8,7.93,7.88,5.77,2.54,9.88,2.91,14.8,0.295,0.536,23.8,1.73,0.653,3.56,3.79,1.19,0.273,9.23,4.33,4.34,17.7,0.139,0.0628,8.08,3.03,0.172,5.64,2.5,0.636,3.35,4.0,1.26,1.16,10.1,3.36,1.75,0.314,0.31,1.63,4.63,0.285,9.41,7.81,0.7490000000000001,0.107,0.725,3.63,8.74,15.0,0.915,12.7,0.6409999999999999,2.78,0.727,0.828,1.67,1.02,8.11,4.61,43.1,3.87,11.2,0.0734,1.09,0.581,19.5,0.623,4.18,5.18,0.163,10.3,6.2,6.55,0.331,8.86,11.6,0.146,5.45,0.852,4.55,2.28,2.02,0.407,4.03,4.46,4.78,0.545,0.225,4.07,0.4370000000000001,0.305,1.13,33.9,2.52,4.69,12.5,1.0,0.123,5.71,24.2,6.71,17.5,1.96,3.44,0.584,6.13,1.75,0.937,0.277,0.8809999999999999
2015-01-01,0.262,1.6,3.8,5.97,1.22,5.84,4.64,1.65,16.8,7.7,3.86,5.39,23.8,0.467,4.36,6.29,8.84,1.61,0.555,1.34,1.81,5.39,2.56,2.42,16.8,6.69,0.182,0.0386,0.545,0.333,16.0,0.943,0.0653,0.0694,4.55,6.91,1.96,0.217,0.0367,0.649,1.51,0.405,4.22,2.57,5.99,9.89,6.19,0.665,2.47,2.29,2.63,2.37,1.07,5.16,0.201,12.1,0.89,0.128,2.45,8.06,5.3,2.69,0.251,2.38,9.74,0.579,7.04,2.38,0.95,0.215,0.16,2.61,0.272,1.08,4.78,10.7,1.76,1.96,8.17,4.66,8.27,8.15,5.88,2.62,9.58,2.75,15.0,0.341,0.562,24.1,1.73,1.31,3.65,3.69,1.14,0.27,8.79,4.25,4.48,16.5,0.149,0.0669,7.71,2.86,0.17800000000000002,3.96,2.49,0.609,3.35,3.96,1.31,1.18,7.76,3.57,1.76,0.233,0.421,1.71,4.6,0.223,9.83,7.77,0.8440000000000001,0.101,0.627,3.41,8.72,15.1,0.926,12.7,0.664,2.74,0.91,0.905,1.69,1.12,8.22,5.04,41.3,3.91,11.2,0.0816,1.21,0.57,19.6,0.695,4.93,5.17,0.126,11.0,6.35,6.58,0.316,8.35,11.7,0.181,5.81,0.949,4.58,2.29,2.02,0.499,3.06,4.41,4.67,0.574,0.244,4.1,0.42,0.369,1.2,33.7,2.62,4.86,12.6,0.991,0.133,4.99,20.7,6.42,16.9,1.94,3.31,0.487,5.69,1.95,0.48,0.271,0.8809999999999999
2016-01-01,0.245,1.57,3.64,6.07,1.18,5.9,4.6,1.76,17.0,7.7,3.82,4.73,22.1,0.481,4.43,6.46,8.68,1.54,0.5770000000000001,1.56,1.92,6.42,2.93,2.2,18.0,6.33,0.181,0.0461,0.617,0.334,15.5,1.02,0.0655,0.0682,4.62,6.87,2.01,0.254,0.0254,0.638,1.6,0.331,4.3,2.48,6.29,10.0,6.49,0.6459999999999999,2.52,2.37,2.46,2.47,1.11,4.65,0.204,13.3,1.04,0.135,2.32,8.6,5.31,2.64,0.247,2.47,9.76,0.57,6.73,2.43,0.988,0.234,0.165,3.04,0.273,1.04,4.87,10.5,1.79,2.15,8.21,5.15,8.5,7.89,5.83,2.81,9.45,2.55,15.0,0.35,0.5870000000000001,24.8,1.59,2.56,3.67,3.64,1.21,0.29600000000000004,7.72,3.96,4.54,15.7,0.156,0.0735,8.05,3.04,0.173,3.24,2.48,0.552,3.45,3.94,1.3,1.21,8.29,3.22,1.74,0.278,0.471,1.78,4.55,0.325,9.81,7.36,0.875,0.0967,0.634,3.39,8.47,14.0,0.967,12.6,0.698,2.59,0.899,1.06,1.82,1.15,8.51,4.88,38.5,3.83,11.1,0.0898,1.26,0.595,19.5,0.693,5.09,6.32,0.127,6.64,6.42,6.95,0.272,8.46,12.1,0.159,5.59,1.1,4.62,2.3,2.01,0.491,3.05,4.33,4.68,0.596,0.219,4.07,0.406,0.408,1.27,31.8,2.57,5.03,12.4,0.979,0.136,5.24,21.7,6.04,16.4,1.95,2.9,0.527,5.47,1.96,0.377,0.29600000000000004,0.7709999999999999
2017-01-01,0.247,1.61,3.56,6.27,1.14,5.89,4.55,1.7,17.0,7.94,3.73,4.72,21.3,0.494,4.44,6.64,8.55,1.51,0.618,1.58,1.94,6.5,3.14,2.23,17.9,6.68,0.196,0.047,0.626,0.326,15.6,1.13,0.0645,0.0661,4.52,6.93,1.91,0.261,0.0244,0.623,1.58,0.327,4.48,2.48,6.39,9.93,6.07,0.6659999999999999,2.54,2.32,2.36,2.46,1.1,4.54,0.212,14.2,1.08,0.138,2.36,8.12,5.35,2.58,0.266,2.66,9.66,0.606,7.09,2.41,0.959,0.254,0.179,3.03,0.271,1.02,5.11,10.8,1.84,2.21,8.51,4.99,8.15,7.85,5.76,2.8,9.33,2.47,15.7,0.36,0.594,24.1,1.53,2.62,3.71,3.53,1.33,0.32,7.96,4.11,4.72,15.6,0.163,0.0764,7.93,2.99,0.18600000000000005,3.68,2.53,0.599,3.75,3.95,1.32,1.18,8.49,3.23,1.79,0.28,0.476,1.76,4.63,0.33,9.67,7.67,0.862,0.103,0.644,3.53,8.26,13.7,1.02,12.9,0.6709999999999999,2.54,0.9,1.05,1.68,1.25,8.88,5.32,39.8,3.82,11.3,0.0912,1.29,0.583,19.1,0.7340000000000001,5.17,6.61,0.139,7.11,6.62,6.87,0.272,8.12,12.5,0.16699999999999998,5.89,1.16,4.62,2.31,2.02,0.503,3.02,4.25,4.52,0.581,0.222,4.12,0.409,0.4320000000000001,1.29,31.4,2.67,5.25,12.7,0.994,0.13699999999999998,5.02,21.1,5.81,16.2,1.95,2.92,0.527,5.23,1.95,0.363,0.304,0.845
